-- Foreign key 및 기타 설정 비활성화 (데이터 삽입 전)
SET FOREIGN_KEY_CHECKS=0;
SET UNIQUE_CHECKS=0;

-- roles 테이블 데이터 (스키마에 따라 추가)
INSERT INTO roles (no, role_name) VALUES (1, 'ADMIN'), (2, 'USER');

-- members 테이블 데이터 (기존 데이터 유지)
INSERT INTO members (mno, name, email, password, role) VALUES
(1, '연듀', 'shenlianxiu@gmail.com', '$2a$10$sqosgM2Kim9X07c9ntC.QOzTiZI14pHSS4TEZH.ljE871Tt0IFXOe', 1),
(2, '김관리', 'adminKim@gmail.com', '$2a$10$jxzxv5OSf1z6x3QZPRgYZeUKVCujG/pRk5JGCMGvQgHOMz5r0E5eC', 1),
(3, '이관리', 'adminLee@gmail.com', '$2a$10$m3gCW01KI6X4oPJm1Pgk9.mB/MWgRTevtqH9waZwlooBqZ1XB0BHC', 1),
(4, '김유저', 'userKim@gmail.com', '$2a$10$O9qAcnmS01nUH/aqd5gYeOyN6M2DrvM5DVFSs4d644bJI2bdbFBGK', 2),
(5, '정유저', 'userJeong@gmail.com', '$2a$10$8fBXckBlcwfyXQTWxm0kHuT4ebHKSD/IMojt24VwaRY08eym0t1Ji', 2),
(6, '임규리', 'lkl@gmail.com', '$2a$10$J.VQxsBx6IJYuwTGHj0w4.SY4Zk9zRCeHXfKqueRgHPRJsVDFjUnu', 2),
(7, '배호빈', 'bhb@gmail.com', '$2a$10$oVcCWHu7k/lrsY79T6Z5leByiL69Qm1P1XOr3hb/o1g2T.8o7h4Nm', 2),
(8, '정해빈', 'sunlight@gmail.com', '$2a$10$6VvZ4OHwlvElsDHjKNjdYu.FLgxcHCdChCdO70d12pBdO3oyhpyy2', 2),
(9, '정예성', 'jys@gmail.com', '$2a$10$eTXUhUJtLqNi9Gkc9EZfKeCSgFAwisWpy9G6aPiUGHsDce1V8.REK', 2),
(10, '문영호', 'myh@gmail.com', '$2a$10$EeOo0PX8CjITXwc.jNxhjOMxYdYTFjqcm7k4XxezlHFpeushhVFqa', 2),
(11, '윤경일', 'ygi@gmail.com', '$2a$10$2z4hzQbqp.xAo7sdlSk/TuwERjzbSHDE78qJgrWVU4FeyphRklwnu', 2);

-- boards 테이블 데이터 (title 추가, content 한국어화, updated_at 추가, image_url 제거)
-- image_url은 board_images 테이블로 관리되므로 여기서 제거합니다.
INSERT INTO boards (bno, mno, title, content, created_at, updated_at) VALUES
(1, 8, '새로운 발견, 즐거운 순간들', '결과적으로 모든 사건에는 그럴 만한 이유가 따르기 마련이죠. 섬세한 배려심으로 상황을 살피면 해답을 찾을 수 있습니다. 때로는 예상치 못한 어려움이 찾아오기도 하지만, 그 속에서 배움을 얻고 성장할 수 있습니다.', '2025-01-29 00:00:00', '2025-01-29 00:00:00'),
(2, 9, '함께 떠나는 즐거운 여정', '누구에게나 예상치 못한 순간은 찾아오기 마련입니다. 중요한 것은 그 순간을 어떻게 받아들이고 대처하느냐에 달려있죠. 때로는 잠시 멈춰 서서 주변을 둘러보는 여유가 필요합니다.', '2025-04-03 00:00:00', '2025-04-03 00:00:00'),
(3, 11, '일상 속 작은 행복 찾기', '분명한 목표를 가지고 나아가는 것이 중요합니다. 때로는 예상치 못한 변수가 발생할 수 있지만, 긍정적인 마음으로 대처한다면 좋은 결과를 얻을 수 있습니다. 주변 사람들과의 관계도 소중히 여기세요.', '2025-05-21 00:00:00', '2025-05-21 00:00:00'),
(4, 6, '잊지 못할 추억 만들기', '때로는 과감한 도전이 필요할 때가 있습니다. 익숙한 환경에서 벗어나 새로운 경험을 하는 것은 성장의 밑거름이 됩니다. 주변의 조언에 귀 기울이되, 최종 결정은 스스로 내리는 것이 중요합니다.', '2025-01-31 00:00:00', '2025-01-31 00:00:00'),
(5, 9, '나만의 특별한 여행 이야기', '선택의 순간에는 신중함이 필요합니다. 각 선택에는 장단점이 따르기 마련이니, 충분히 고민하고 결정하세요. 때로는 작은 실수가 큰 교훈을 주기도 합니다.', '2025-05-03 00:00:00', '2025-05-03 00:00:00'),
(6, 11, '자연 속에서 찾는 평온함', '모든 일에는 때가 있는 법입니다. 조급해하지 않고 차분히 기다리면 좋은 기회가 찾아올 것입니다. 자신을 믿고 꾸준히 노력하는 자세가 중요합니다.', '2025-03-13 00:00:00', '2025-03-13 00:00:00'),
(7, 8, '아름다운 풍경, 소중한 기억', '때로는 예상치 못한 만남이 새로운 인연으로 이어지기도 합니다. 열린 마음으로 사람들을 대하고, 진솔한 관계를 만들어가는 것이 중요합니다. 서로에게 힘이 되어주는 존재가 되세요.', '2025-02-04 00:00:00', '2025-02-04 00:00:00'),
(8, 5, '함께라서 더 즐거운 순간', '어려움에 직면했을 때, 혼자 끙끙 앓기보다는 주변에 도움을 요청하는 용기가 필요합니다. 함께 고민하고 해결책을 찾다 보면 의외로 쉽게 문제가 풀릴 수 있습니다.', '2025-03-11 00:00:00', '2025-03-11 00:00:00'),
(9, 11, '나를 찾아 떠나는 여행', '모든 경험은 소중한 자산이 됩니다. 성공과 실패를 떠나, 그 과정에서 배우고 느낀 점들을 마음에 새기세요. 끊임없이 배우고 성장하는 자세가 중요합니다.', '2025-01-08 00:00:00', '2025-01-08 00:00:00'),
(10, 6, '소소하지만 확실한 행복', '때로는 익숙한 것에서 벗어나 새로운 시도를 해보는 것이 좋습니다. 작은 변화가 일상에 활력을 불어넣어 줄 수 있습니다. 긍정적인 마음으로 새로운 도전을 즐기세요.', '2025-02-02 00:00:00', '2025-02-02 00:00:00'),
(11, 10, '함께 공유하는 여행 팁', '칭찬은 고래도 춤추게 한다는 말이 있듯이, 긍정적인 피드백은 상대방에게 큰 힘이 됩니다. 서로 격려하고 응원하며 함께 성장해나가세요.', '2025-03-03 00:00:00', '2025-03-03 00:00:00'),
(12, 9, '다시 가고 싶은 그 곳', '때로는 과감한 결정이 필요할 때도 있습니다. 너무 많은 고민은 오히려 기회를 놓치게 만들 수 있습니다. 자신을 믿고 용기 있게 나아가세요.', '2025-05-12 00:00:00', '2025-05-12 00:00:00'),
(13, 6, '여행지에서의 특별한 만남', '새로운 것을 배우는 즐거움을 느껴보세요. 배움에는 끝이 없으며, 끊임없는 학습은 자신을 더욱 발전시키는 원동력이 됩니다. 다양한 분야에 관심을 가져보세요.', '2025-05-04 00:00:00', '2025-05-04 00:00:00'),
(14, 11, '나만 알고 싶은 숨은 명소', '결과보다는 과정에 집중하는 것이 중요할 때가 있습니다. 최선을 다했다면 결과에 너무 연연하지 마세요. 그 과정에서 얻은 경험이 더 값질 수 있습니다.', '2025-02-28 00:00:00', '2025-02-28 00:00:00'),
(15, 4, '잊을 수 없는 풍경들', '때로는 작은 배려가 큰 감동을 줄 수 있습니다. 상대방의 입장에서 생각하고 행동하는 자세가 중요합니다. 따뜻한 마음을 나누며 살아가세요.', '2025-05-11 00:00:00', '2025-05-11 00:00:00'),
(16, 9, '여행의 즐거움을 나누다', '모든 일에는 장단점이 있기 마련입니다. 긍정적인 면을 바라보고, 단점은 개선해나가려는 노력이 필요합니다. 균형 잡힌 시각으로 세상을 바라보세요.', '2025-04-24 00:00:00', '2025-04-24 00:00:00'),
(17, 6, '함께 떠나고 싶은 여행지', '때로는 익숙함에서 벗어나 새로운 도전을 하는 것이 좋습니다. 변화를 두려워하지 말고, 새로운 가능성을 향해 나아가세요. 성장의 기회는 언제나 열려있습니다.', '2025-01-13 00:00:00', '2025-01-13 00:00:00'),
(18, 9, '나만의 여행 버킷리스트', '주변 사람들과의 소통은 매우 중요합니다. 서로의 생각을 나누고 이해하려는 노력이 관계를 더욱 돈독하게 만들어줍니다. 진솔한 대화를 통해 마음을 나누세요.', '2025-03-09 00:00:00', '2025-03-09 00:00:00'),
(19, 10, '가성비 좋은 여행 정보', '예외적인 상황에서도 당황하지 않고 침착하게 대처하는 능력이 필요합니다. 미리 대비하고 준비한다면 어떤 어려움도 극복할 수 있습니다.', '2025-01-30 00:00:00', '2025-01-30 00:00:00'),
(20, 7, '힐링이 필요할 때 떠나는 곳', '때로는 잠시 멈춰 서서 자신을 돌아보는 시간이 필요합니다. 바쁜 일상 속에서도 자신만의 시간을 갖고, 재충전하는 것이 중요합니다.', '2025-01-17 00:00:00', '2025-01-17 00:00:00'),
(21, 9, '특별한 날, 특별한 여행', '사소한 일에도 감사하는 마음을 가지면 삶이 더욱 풍요로워집니다. 주변의 작은 것들에도 관심을 갖고, 긍정적인 에너지를 나누세요.', '2025-05-19 00:00:00', '2025-05-19 00:00:00'),
(22, 4, '나를 위한 작은 사치, 여행', '때로는 과감한 포기도 필요합니다. 모든 것을 다 가질 수는 없다는 것을 인정하고, 우선순위를 정하는 지혜가 필요합니다.', '2025-04-16 00:00:00', '2025-04-16 00:00:00'),
(23, 5, '함께 만들어요, 즐거운 추억', '자유로운 영혼처럼, 때로는 정해진 틀에서 벗어나 새로운 것을 시도해보는 것이 좋습니다. 창의적인 생각과 도전 정신을 잃지 마세요.', '2025-01-07 00:00:00', '2025-01-07 00:00:00'),
(24, 11, '여행지 추천! 여기 어때요?', '때로는 예상치 못한 행운이 찾아오기도 합니다. 긍정적인 마음으로 하루하루를 살아가다 보면 좋은 일이 생길 거예요. 희망을 잃지 마세요.', '2025-01-07 00:00:00', '2025-01-07 00:00:00'),
(25, 5, '주말여행, 어디로 갈까요?', '선택의 기로에 섰을 때, 자신의 마음의 소리에 귀 기울여보세요. 진정으로 원하는 것이 무엇인지 고민하고, 후회 없는 선택을 하세요.', '2025-04-27 00:00:00', '2025-04-27 00:00:00'),
(26, 11, '가을에 떠나기 좋은 여행지', '때로는 침묵이 금보다 더 가치 있을 때가 있습니다. 상대방의 말을 경청하고, 신중하게 자신의 의견을 전달하는 것이 중요합니다.', '2025-03-06 00:00:00', '2025-03-06 00:00:00'),
(27, 10, '겨울 감성 여행지 추천', '예기치 못한 어려움 속에서도 희망을 잃지 않는 것이 중요합니다. 긍정적인 마음으로 문제를 해결해나가다 보면, 더 나은 미래를 맞이할 수 있습니다.', '2025-01-20 00:00:00', '2025-01-20 00:00:00'),
(28, 7, '봄꽃 구경하기 좋은 곳', '시간은 누구에게나 공평하게 주어집니다. 주어진 시간을 어떻게 활용하느냐에 따라 삶의 질이 달라질 수 있습니다. 계획을 세우고 효율적으로 시간을 관리하세요.', '2025-04-26 00:00:00', '2025-04-26 00:00:00'),
(29, 4, '여름휴가 계획 세우기', '때로는 자신에게 관대해지는 것도 필요합니다. 완벽하지 않아도 괜찮다는 것을 인정하고, 스스로를 다독이며 앞으로 나아가세요.', '2025-04-05 00:00:00', '2025-04-05 00:00:00'),
(30, 4, '국내 여행지 베스트 10', '시간이 흘러도 변치 않는 가치를 추구하세요. 유행을 따르기보다는 자신만의 스타일을 만들고, 진정한 아름다움을 발견하는 것이 중요합니다.', '2025-03-14 00:00:00', '2025-03-14 00:00:00'),
(31, 5, '해외여행 준비물 체크리스트', '때로는 사소한 약속도 중요하게 생각해야 합니다. 신뢰는 작은 약속들이 모여 만들어지는 것입니다. 상대방과의 약속을 소중히 여기세요.', '2025-01-30 00:00:00', '2025-01-30 00:00:00'),
(32, 10, '나만의 여행 사진 뽐내기', '어려움 속에서도 유머를 잃지 않는 것이 중요합니다. 웃음은 어떤 상황에서도 긍정적인 에너지를 만들어줍니다. 항상 밝고 긍정적인 태도를 유지하세요.', '2025-03-13 00:00:00', '2025-03-13 00:00:00'),
(33, 5, '여행 중 만난 특별한 인연', '작은 성공에도 만족하고 감사할 줄 아는 마음이 중요합니다. 성취감을 느끼며 다음 목표를 향해 나아가는 원동력이 될 수 있습니다.', '2025-04-11 00:00:00', '2025-04-11 00:00:00'),
(34, 10, '액티비티 즐기기 좋은 곳', '때로는 예상치 못한 선물이 삶에 큰 기쁨을 주기도 합니다. 작은 것에도 감사하고, 주변 사람들에게 따뜻한 마음을 나누세요.', '2025-01-17 00:00:00', '2025-01-17 00:00:00'),
(35, 8, '조용히 쉬기 좋은 여행지', '자유롭게 자신의 의견을 표현하는 것이 중요합니다. 하지만 상대방의 의견도 존중하는 자세를 잃지 않아야 합니다. 건설적인 대화를 통해 더 나은 결론을 도출하세요.', '2025-02-06 00:00:00', '2025-02-06 00:00:00'),
(36, 8, '맛있는 음식이 있는 여행', '때로는 휴식이 필요합니다. 지친 몸과 마음을 재충전하고, 새로운 에너지를 얻어 다시 앞으로 나아가세요. 자신을 돌보는 시간을 갖는 것이 중요합니다.', '2025-04-15 00:00:00', '2025-04-15 00:00:00'),
(37, 4, '여행의 설렘을 느껴보세요', '기억해야 할 중요한 순간들이 있습니다. 소중한 추억들을 마음속에 간직하고, 때로는 되새기며 삶의 활력을 얻으세요.', '2025-05-14 00:00:00', '2025-05-14 00:00:00'),
(38, 7, '함께 떠나는 드라이브 코스', '때로는 과감한 변화가 새로운 시작을 의미하기도 합니다. 과거에 얽매이지 않고, 미래를 향해 나아가는 용기가 필요합니다.', '2025-05-25 00:00:00', '2025-05-25 00:00:00'),
(39, 4, '가족 여행 추천 장소', '다양한 사람들과의 만남은 세상을 보는 시야를 넓혀줍니다. 열린 마음으로 새로운 관계를 맺고, 서로에게 배우며 성장하세요.', '2025-03-10 00:00:00', '2025-03-10 00:00:00'),
(40, 11, '커플 여행, 로맨틱한 곳', '결과에 대한 집착보다는 과정에서의 즐거움을 찾는 것이 중요합니다. 목표를 향해 나아가는 모든 순간이 소중한 경험이 될 수 있습니다.', '2025-03-26 00:00:00', '2025-03-26 00:00:00'),
(41, 10, '우정 여행, 신나는 추억 만들기', '때로는 예상치 못한 어려움이 닥칠 수 있지만, 포기하지 않고 끝까지 노력하는 자세가 중요합니다. 인내심을 갖고 꾸준히 나아가세요.', '2025-01-21 00:00:00', '2025-01-21 00:00:00'),
(42, 4, '혼자 여행하기 좋은 국내 명소', '결과를 예측하기 어려운 상황에서도, 최선을 다하는 것이 중요합니다. 후회 없는 선택을 하고, 그 결과에 대해서는 겸허히 받아들이세요.', '2025-01-06 00:00:00', '2025-01-06 00:00:00'),
(43, 11, '반려견 동반 가능 여행지', '때로는 예외적인 상황이 발생할 수 있습니다. 유연하게 대처하고, 새로운 해결책을 찾는 능력이 필요합니다. 변화에 적응하는 것이 중요합니다.', '2025-03-05 00:00:00', '2025-03-05 00:00:00'),
(44, 5, '아이와 함께 가기 좋은 곳', '누구나 실수를 할 수 있습니다. 중요한 것은 실수를 통해 배우고, 같은 실수를 반복하지 않는 것입니다. 자신을 너무 자책하지 마세요.', '2025-03-21 00:00:00', '2025-03-21 00:00:00'),
(45, 10, '부모님 모시고 가기 좋은 여행', '때로는 과감한 투자가 큰 보상으로 돌아올 수 있습니다. 신중하게 판단하고, 기회를 잡는 용기가 필요합니다. 위험을 감수할 준비도 되어 있어야 합니다.', '2025-05-20 00:00:00', '2025-05-20 00:00:00'),
(46, 5, '자전거 여행 코스 추천', '자신만의 속도로 나아가는 것이 중요합니다. 다른 사람과 비교하기보다는, 어제의 나보다 발전하는 것에 집중하세요.', '2025-01-21 00:00:00', '2025-01-21 00:00:00'),
(47, 8, '캠핑하기 좋은 장소', '때로는 침묵이 많은 것을 말해줄 때가 있습니다. 상대방의 마음을 헤아리고, 진심으로 소통하려는 노력이 중요합니다.', '2025-01-30 00:00:00', '2025-01-30 00:00:00'),
(48, 11, '등산하기 좋은 산 추천', '모든 것에는 의미가 있습니다. 사소해 보이는 일이라도 그 안에 숨겨진 가치를 발견하려는 노력이 필요합니다. 세상을 긍정적으로 바라보세요.', '2025-03-07 00:00:00', '2025-03-07 00:00:00'),
(49, 6, '낚시하기 좋은 포인트', '칭찬은 상대방에게 큰 힘이 됩니다. 진심으로 칭찬하고 격려하며, 서로에게 긍정적인 영향을 주는 관계를 만들어가세요.', '2025-01-30 00:00:00', '2025-01-30 00:00:00'),
(50, 11, '별 보기 좋은 명당', '때로는 예상치 못한 만남이 인생의 전환점이 되기도 합니다. 열린 마음으로 새로운 사람들을 만나고, 다양한 경험을 통해 성장하세요.', '2025-03-02 00:00:00', '2025-03-02 00:00:00'),
(51, 7, '일출 보기 좋은 곳', '가끔은 현실에서 벗어나 자유로운 상상을 펼쳐보는 것도 좋습니다. 창의적인 생각은 삶을 더욱 풍요롭게 만들어줍니다.', '2025-03-12 00:00:00', '2025-03-12 00:00:00'),
(52, 7, '일몰이 아름다운 장소', '현재의 어려움에 좌절하기보다는 미래의 가능성을 바라보세요. 긍정적인 마음으로 노력하면 반드시 좋은 결과가 있을 것입니다.', '2025-03-28 00:00:00', '2025-03-28 00:00:00'),
(53, 8, '야경이 멋진 도시', '때로는 평범한 일상 속에서 특별한 행복을 발견할 수 있습니다. 작은 것에도 감사하고, 소중한 순간들을 놓치지 마세요.', '2025-01-07 00:00:00', '2025-01-07 00:00:00'),
(54, 7, '전통 시장 구경하기', '과거의 실수에 얽매이지 말고, 현재에 집중하세요. 미래는 만들어가는 것입니다. 긍정적인 마음으로 새로운 도전을 시작하세요.', '2025-02-06 00:00:00', '2025-02-06 00:00:00'),
(55, 4, '박물관/미술관 투어', '때로는 과감한 결단이 새로운 기회를 가져다줍니다. 두려워하지 말고, 자신을 믿고 앞으로 나아가세요. 성공은 용기 있는 자의 것입니다.', '2025-02-14 00:00:00', '2025-02-14 00:00:00'),
(56, 4, '테마파크에서 신나게 놀기', '진정한 행복은 멀리 있는 것이 아니라, 우리 마음속에 있습니다. 긍정적인 생각과 감사하는 마음으로 하루를 채워나가세요.', '2025-04-15 00:00:00', '2025-04-15 00:00:00'),
(57, 8, '역사 유적지 탐방', '때로는 예상치 못한 행운이 찾아올 수 있습니다. 항상 긍정적인 마음을 유지하고, 좋은 기회를 놓치지 않도록 준비하세요.', '2025-05-11 00:00:00', '2025-05-11 00:00:00'),
(58, 11, '자연휴양림에서 힐링하기', '모든 만남에는 이유가 있습니다. 소중한 인연을 잘 가꾸어 나가고, 서로에게 힘이 되어주는 존재가 되세요.', '2025-03-06 00:00:00', '2025-03-06 00:00:00'),
(59, 6, '섬 여행 떠나기', '때로는 혼자만의 시간이 필요합니다. 조용히 자신을 돌아보고, 내면의 목소리에 귀 기울이는 시간을 가져보세요.', '2025-02-21 00:00:00', '2025-02-21 00:00:00'),
(60, 11, '기차 여행의 낭만', '일상의 작은 변화가 삶에 큰 활력을 줄 수 있습니다. 새로운 취미를 갖거나, 새로운 장소를 방문해보세요.', '2025-05-12 00:00:00', '2025-05-12 00:00:00'),
(61, 8, '맛집 찾아 떠나는 식도락 여행', '때로는 익숙한 길에서 벗어나 새로운 길을 탐험해보세요. 예상치 못한 발견과 즐거움이 기다리고 있을지도 모릅니다.', '2025-04-06 00:00:00', '2025-04-06 00:00:00'),
(62, 6, '지역 축제 즐기기', '작은 노력들이 모여 큰 결과를 만들어냅니다. 꾸준히 노력하고, 포기하지 않는다면 원하는 목표를 달성할 수 있을 것입니다.', '2025-02-10 00:00:00', '2025-02-10 00:00:00'),
(63, 5, '도심 속 공원에서 휴식', '때로는 단순함 속에 진리가 숨어있습니다. 복잡하게 생각하기보다는, 본질에 집중하고 단순하게 해결책을 찾아보세요.', '2025-05-07 00:00:00', '2025-05-07 00:00:00'),
(64, 4, '쇼핑하기 좋은 여행지', '자신의 강점을 발견하고 발전시켜나가세요. 누구나 특별한 재능을 가지고 있으며, 그것을 잘 활용하는 것이 중요합니다.', '2025-05-20 00:00:00', '2025-05-20 00:00:00'),
(65, 7, '문화 체험하기 좋은 곳', '때로는 다른 사람의 성공을 진심으로 축하해주는 마음이 필요합니다. 긍정적인 에너지는 주변으로 퍼져나가, 결국 자신에게도 돌아옵니다.', '2025-03-10 00:00:00', '2025-03-10 00:00:00'),
(66, 6, '온천 여행으로 피로 풀기', '새로운 시작은 언제나 설레는 법입니다. 과거의 아쉬움은 뒤로하고, 희망찬 미래를 향해 힘차게 나아가세요.', '2025-02-16 00:00:00', '2025-02-16 00:00:00'),
(67, 10, '스키/스노보드 즐기기', '때로는 예상치 못한 위기가 새로운 기회가 되기도 합니다. 좌절하지 않고, 긍정적인 마음으로 상황을 극복해나가세요.', '2025-04-06 00:00:00', '2025-04-06 00:00:00'),
(68, 4, '골프 여행 떠나기', '주변 사람들에게 감사하는 마음을 표현하세요. 따뜻한 말 한마디가 관계를 더욱 돈독하게 만들고, 행복을 가져다줍니다.', '2025-03-24 00:00:00', '2025-03-24 00:00:00'),
(69, 5, '서핑 명소 추천', '때로는 자신에게 엄격하기보다는 너그러워지는 것이 필요합니다. 실수로부터 배우고, 다시 일어설 수 있는 용기를 가지세요.', '2025-02-26 00:00:00', '2025-02-26 00:00:00'),
(70, 8, '패러글라이딩 체험', '어려운 문제에 직면했을 때, 다양한 관점에서 해결책을 찾아보세요. 창의적인 아이디어가 의외의 돌파구가 될 수 있습니다.', '2025-04-08 00:00:00', '2025-04-08 00:00:00'),
(71, 11, '스쿠버 다이빙 명소', '때로는 과감한 도전이 인생을 더욱 풍요롭게 만듭니다. 안주하지 않고, 끊임없이 새로운 것을 배우고 경험하려는 자세가 중요합니다.', '2025-05-22 00:00:00', '2025-05-22 00:00:00'),
(72, 4, '요트 투어 즐기기', '자신의 감정을 솔직하게 표현하는 것이 중요합니다. 하지만 상대방에게 상처 주지 않도록 배려하는 마음도 잊지 마세요.', '2025-01-30 00:00:00', '2025-01-30 00:00:00'),
(73, 6, '와이너리 투어', '때로는 침묵이 최고의 답변이 될 수 있습니다. 모든 상황에 즉각적으로 반응하기보다는, 신중하게 생각하고 행동하는 것이 좋습니다.', '2025-04-21 00:00:00', '2025-04-21 00:00:00'),
(74, 8, '양조장 투어', '모든 일에는 시작과 끝이 있습니다. 마무리를 잘하는 것이 중요하며, 새로운 시작을 위한 준비도 잊지 마세요.', '2025-02-08 00:00:00', '2025-02-08 00:00:00'),
(75, 6, '템플스테이 체험', '때로는 익숙한 환경에서 벗어나 새로운 자극을 받는 것이 필요합니다. 여행이나 새로운 경험을 통해 삶의 활력을 되찾으세요.', '2025-05-13 00:00:00', '2025-05-13 00:00:00'),
(76, 9, '농촌 체험 마을 방문', '작은 친절이 세상을 더욱 아름답게 만듭니다. 주변 사람들에게 따뜻한 마음을 나누고, 긍정적인 영향을 주는 사람이 되세요.', '2025-03-11 00:00:00', '2025-03-11 00:00:00'),
(77, 7, '어촌 체험 마을 방문', '때로는 과감한 포기가 더 나은 결과를 가져올 수 있습니다. 모든 것을 다 가질 수는 없다는 것을 인정하고, 현명한 선택을 하세요.', '2025-02-17 00:00:00', '2025-02-17 00:00:00'),
(78, 5, '공예 체험 공방 방문', '자신의 꿈을 향해 끊임없이 도전하세요. 실패를 두려워하지 않고, 열정적으로 노력한다면 언젠가는 꿈을 이룰 수 있을 것입니다.', '2025-03-30 00:00:00', '2025-03-30 00:00:00'),
(79, 7, '요리 클래스 참여', '때로는 침묵 속에서 진정한 자신을 발견할 수 있습니다. 조용한 시간을 갖고, 내면의 목소리에 귀 기울여보세요.', '2025-01-01 00:00:00', '2025-01-01 00:00:00'),
(80, 11, '플라워 클래스 참여', '모든 순간은 소중합니다. 현재를 즐기고, 감사하는 마음으로 살아가세요. 행복은 멀리 있는 것이 아니라, 바로 지금 여기에 있습니다.', '2025-03-30 00:00:00', '2025-03-30 00:00:00'),
(81, 4, '사진 촬영 명소 탐방', '때로는 현실적인 어려움에 직면하더라도, 이상을 잃지 않는 것이 중요합니다. 꿈을 향해 나아가는 용기를 가지세요.', '2025-04-26 00:00:00', '2025-04-26 00:00:00'),
(82, 8, '드라마/영화 촬영지 방문', '자신의 가치를 믿고, 당당하게 세상과 마주하세요. 누구나 특별한 존재이며, 자신만의 빛을 발할 수 있습니다.', '2025-05-15 00:00:00', '2025-05-15 00:00:00'),
(83, 8, '버스킹 공연 관람', '때로는 작은 관심이 큰 변화를 가져올 수 있습니다. 주변 사람들에게 따뜻한 시선을 보내고, 함께 더 나은 세상을 만들어가세요.', '2025-01-17 00:00:00', '2025-01-17 00:00:00'),
(84, 7, '벼룩시장/플리마켓 구경', '모든 경험은 성장의 밑거름이 됩니다. 성공과 실패를 떠나, 그 과정에서 배우고 느낀 점들을 소중히 간직하세요.', '2025-01-07 00:00:00', '2025-01-07 00:00:00'),
(85, 5, '도서관에서 책 읽기', '때로는 과감한 선택이 인생의 새로운 장을 열어줍니다. 변화를 두려워하지 말고, 새로운 가능성을 향해 나아가세요.', '2025-05-07 00:00:00', '2025-05-07 00:00:00'),
(86, 11, '전망대에서 풍경 감상', '자신을 사랑하는 것이 모든 행복의 시작입니다. 긍정적인 마음으로 자신을 아끼고, 가꾸어 나가세요.', '2025-03-25 00:00:00', '2025-03-25 00:00:00'),
(87, 11, '수목원/식물원 산책', '때로는 예상치 못한 만남이 삶에 큰 기쁨을 선사합니다. 열린 마음으로 새로운 인연을 맞이하고, 소중한 관계를 만들어가세요.', '2025-04-23 00:00:00', '2025-04-23 00:00:00'),
(88, 11, '동물원/아쿠아리움 방문', '모든 순간에 최선을 다하는 것이 중요합니다. 후회 없는 삶을 살기 위해, 매 순간 열정적으로 살아가세요.', '2025-01-14 00:00:00', '2025-01-14 00:00:00'),
(89, 11, '천문대에서 별 관측', '때로는 작은 배려가 큰 감동을 줍니다. 상대방의 입장에서 생각하고, 따뜻한 마음을 나누는 사람이 되세요.', '2025-01-23 00:00:00', '2025-01-23 00:00:00'),
(90, 6, '해수욕장에서 물놀이', '자신의 꿈을 향해 나아가는 여정은 때로는 힘들고 외로울 수 있습니다. 하지만 포기하지 않고 꾸준히 노력한다면, 반드시 꿈을 이룰 수 있을 것입니다.', '2025-05-08 00:00:00', '2025-05-08 00:00:00'),
(91, 4, '계곡에서 시원하게 발 담그기', '때로는 과감한 도전이 필요합니다. 안주하기보다는 새로운 가능성을 향해 나아가세요. 성장은 언제나 도전과 함께합니다.', '2025-02-01 00:00:00', '2025-02-01 00:00:00'),
(92, 6, '워터파크에서 신나게 놀기', '모든 관계는 노력과 관심 속에서 더욱 깊어집니다. 소중한 사람들에게 진심을 다하고, 함께 아름다운 추억을 만들어가세요.', '2025-03-31 00:00:00', '2025-03-31 00:00:00'),
(93, 9, '찜질방/스파에서 휴식', '때로는 예상치 못한 행운이 찾아오기도 합니다. 긍정적인 마음으로 하루를 시작하고, 좋은 일들이 가득하기를 기대하세요.', '2025-04-28 00:00:00', '2025-04-28 00:00:00'),
(94, 4, '보드게임 카페에서 놀기', '자신의 목소리에 귀 기울이고, 진정으로 원하는 것을 찾아가세요. 다른 사람의 시선보다는 자신의 행복이 더 중요합니다.', '2025-03-07 00:00:00', '2025-03-07 00:00:00'),
(95, 8, '만화 카페에서 시간 보내기', '때로는 작은 친절이 큰 감동을 줄 수 있습니다. 주변 사람들에게 따뜻한 마음을 전하고, 긍정적인 에너지를 나누세요.', '2025-01-14 00:00:00', '2025-01-14 00:00:00'),
(96, 4, '방탈출 카페 도전하기', '모든 순간은 다시 돌아오지 않는 소중한 시간입니다. 현재를 즐기고, 매 순간 최선을 다해 살아가세요.', '2025-05-01 00:00:00', '2025-05-01 00:00:00'),
(97, 6, 'VR 체험관에서 가상현실 즐기기', '때로는 과감한 변화가 필요합니다. 익숙함에서 벗어나 새로운 도전을 통해 성장하고, 더 나은 자신을 만들어가세요.', '2025-01-18 00:00:00', '2025-01-18 00:00:00'),
(98, 9, '실내 클라이밍 도전', '자신의 꿈을 향해 꾸준히 나아가세요. 어려움이 있더라도 포기하지 않고, 열정을 다한다면 반드시 목표를 이룰 수 있을 것입니다.', '2025-02-15 00:00:00', '2025-02-15 00:00:00'),
(99, 4, '이색 체험 즐기기', '때로는 예상치 못한 만남이 새로운 기회를 가져다줍니다. 열린 마음으로 사람들을 대하고, 긍정적인 관계를 만들어가세요.', '2025-02-12 00:00:00', '2025-02-12 00:00:00'),
(100, 4, '나만의 특별한 경험 만들기', '모든 노력은 결코 헛되지 않습니다. 지금 당장 결과가 보이지 않더라도, 꾸준히 노력하면 언젠가는 빛을 볼 날이 올 것입니다.', '2025-01-17 00:00:00', '2025-01-17 00:00:00');

-- groups 테이블 데이터 (mno, updated_at 추가, 한국어화, 50개로 축소)
-- mno는 1~11 중 임의 할당
INSERT INTO `groups` (gno, mno, name, description, created_at, updated_at) VALUES
(1, 4, '박씨네 여행친구들', '함께 멋진 여행 추억을 만들어갈 사람들을 찾습니다. 즐거운 여행을 계획하고 정보를 공유해요.', '2025-04-02 00:00:00', '2025-04-02 00:00:00'),
(2, 5, '이김 여행 동호회', '국내외 아름다운 곳을 함께 탐험하며, 여행의 즐거움을 나누는 모임입니다.', '2025-01-19 00:00:00', '2025-01-19 00:00:00'),
(3, 6, '김이홍 탐험대', '숨겨진 명소를 찾아 떠나는 모험 가득한 여행을 함께 할 탐험대원을 모집합니다.', '2025-04-17 00:00:00', '2025-04-17 00:00:00'),
(4, 7, '주식회사 이투어', '여행을 통해 삶의 활력을 찾고, 새로운 경험을 추구하는 사람들의 모임입니다.', '2025-03-24 00:00:00', '2025-03-24 00:00:00'),
(5, 8, '김장진의 세계일주', '세계 곳곳을 누비며 다양한 문화를 경험하고 싶은 사람들을 위한 그룹입니다.', '2025-03-20 00:00:00', '2025-03-20 00:00:00'),
(6, 9, '박한 트레킹 클럽', '아름다운 자연을 벗 삼아 걷는 것을 좋아하는 사람들의 트레킹 모임입니다. 건강과 힐링을 함께!', '2025-02-17 00:00:00', '2025-02-17 00:00:00'),
(7, 10, '이멤버 여행사', '회원들과 함께 특별한 여행 상품을 기획하고, 잊지 못할 추억을 만드는 여행 그룹입니다.', '2025-03-24 00:00:00', '2025-03-24 00:00:00'),
(8, 11, '신장 로드트립', '자동차로 전국 방방곡곡을 누비며 자유로운 여행을 즐기는 사람들의 모임입니다.', '2025-01-07 00:00:00', '2025-01-07 00:00:00'),
(9, 1, '주식회사 안심여행', '안전하고 즐거운 여행을 최우선으로 생각하는 사람들의 정보 공유 커뮤니티입니다.', '2025-02-12 00:00:00', '2025-02-12 00:00:00'),
(10, 2, '강박적인 여행가들', '여행 계획부터 실행까지, 완벽한 여행을 추구하는 열정적인 여행가들의 모임입니다.', '2025-01-02 00:00:00', '2025-01-02 00:00:00'),
(11, 3, '황박사네 배낭여행', '최소한의 짐으로 최대한의 경험을 추구하는 배낭여행족들을 위한 그룹입니다.', '2025-01-28 00:00:00', '2025-01-28 00:00:00'),
(12, 4, '이김유랑단', '정해진 목적지 없이, 발길 닿는 대로 떠나는 자유로운 영혼들의 유랑단입니다.', '2025-03-29 00:00:00', '2025-03-29 00:00:00'),
(13, 5, '이우이 힐링캠프', '자연 속에서 캠핑하며 몸과 마음을 치유하는 힐링 캠프를 함께 만들어갑니다.', '2025-03-04 00:00:00', '2025-03-04 00:00:00'),
(14, 6, '이이노베이션 투어', '새롭고 혁신적인 여행지를 발굴하고, 특별한 테마 여행을 기획하는 모임입니다.', '2025-03-15 00:00:00', '2025-03-15 00:00:00'),
(15, 7, '김가네 주말나들이', '주말마다 가볍게 떠날 수 있는 근교 나들이 정보를 공유하고 함께 떠나는 모임입니다.', '2025-02-07 00:00:00', '2025-02-07 00:00:00'),
(16, 8, '전김권 역사탐방회', '우리나라의 역사 유적지를 탐방하며 역사를 배우고 느끼는 의미 있는 여행을 함께 합니다.', '2025-04-23 00:00:00', '2025-04-23 00:00:00'),
(17, 9, '송가네 맛집투어', '전국 방방곡곡 숨겨진 맛집을 찾아 떠나는 미식가들의 즐거운 여행 모임입니다.', '2025-02-06 00:00:00', '2025-02-06 00:00:00'),
(18, 10, '한마음 자전거여행', '자전거를 타고 아름다운 풍경을 감상하며 건강도 챙기는 자전거 여행 동호회입니다.', '2025-03-06 00:00:00', '2025-03-06 00:00:00'),
(19, 11, '서이민 사진여행', '아름다운 순간을 사진으로 기록하는 것을 좋아하는 사람들의 사진 출사 여행 모임입니다.', '2025-04-22 00:00:00', '2025-04-22 00:00:00'),
(20, 1, '하이킹 매니아', '등산과 하이킹을 통해 자연을 느끼고, 건강한 삶을 추구하는 사람들의 모임입니다.', '2025-04-07 00:00:00', '2025-04-07 00:00:00'),
(21, 2, '김오문 문화산책', '박물관, 미술관, 공연장 등 다양한 문화 공간을 함께 방문하며 예술적 감성을 나누는 모임입니다.', '2025-01-23 00:00:00', '2025-01-23 00:00:00'),
(22, 3, '최황윤의 섬여행', '우리나라의 아름다운 섬들을 찾아 떠나는 특별한 섬 여행 프로젝트 그룹입니다.', '2025-05-22 00:00:00', '2025-05-22 00:00:00'),
(23, 4, '이박이 기차여행', '낭만 가득한 기차를 타고 전국을 누비는 기차여행 동호회입니다. 창밖 풍경을 즐겨요!', '2025-05-01 00:00:00', '2025-05-01 00:00:00'),
(24, 5, '구석구석 골목투어', '잘 알려지지 않은 도시의 매력적인 골목길을 탐방하며 숨겨진 이야기를 발견하는 모임입니다.', '2025-01-06 00:00:00', '2025-01-06 00:00:00'),
(25, 6, '강김안 액티비티 클럽', '서핑, 패러글라이딩, 래프팅 등 다양한 액티비티를 함께 즐기는 열정 넘치는 모임입니다.', '2025-03-23 00:00:00', '2025-03-23 00:00:00'),
(26, 7, '남김박의 캠핑이야기', '아름다운 자연 속에서 캠핑하며 별을 보고, 맛있는 음식을 나누는 캠핑 동호회입니다.', '2025-01-26 00:00:00', '2025-01-26 00:00:00'),
(27, 8, '권가네 가족여행', '아이들과 함께 즐거운 추억을 만들 수 있는 가족여행 정보를 공유하고 함께 떠나는 모임입니다.', '2025-01-01 00:00:00', '2025-01-01 00:00:00'),
(28, 9, '이멤버의 착한여행', '여행지의 환경을 생각하고, 지역사회에 도움이 되는 공정여행을 실천하는 모임입니다.', '2025-03-23 00:00:00', '2025-03-23 00:00:00'),
(29, 10, '우김김의 뚜벅이여행', '대중교통과 두 발로 우리나라 곳곳을 누비는 뚜벅이 여행자들의 모임입니다.', '2025-05-14 00:00:00', '2025-05-14 00:00:00'),
(30, 11, '김과 이의 테마파크 정복', '전국의 유명 테마파크를 함께 방문하여 모든 어트랙션을 정복하는 신나는 모임입니다.', '2025-05-24 00:00:00', '2025-05-24 00:00:00'),
(31, 1, '김송박의 전통시장 투어', '각 지역의 특색 있는 전통시장을 방문하여 맛있는 먹거리와 정겨움을 느끼는 여행 모임입니다.', '2025-04-06 00:00:00', '2025-04-06 00:00:00'),
(32, 2, '김임이의 건축기행', '아름답고 독특한 건축물을 찾아 떠나는 건축 기행 동호회입니다. 건축의 미학을 느껴보세요.', '2025-01-04 00:00:00', '2025-01-04 00:00:00'),
(33, 3, '김오전의 새벽출사', '고요한 새벽, 아름다운 일출과 풍경을 사진에 담는 새벽 출사 모임입니다.', '2025-02-05 00:00:00', '2025-02-05 00:00:00'),
(34, 4, '심김이의 인문학여행', '여행지에 얽힌 역사, 문화, 철학 이야기를 나누며 깊이 있는 여행을 즐기는 모임입니다.', '2025-04-10 00:00:00', '2025-04-10 00:00:00'),
(35, 5, '박이홍의 느린여행', '빠르게 지나치는 여행이 아닌, 한 곳에 머물며 여유를 즐기는 느린 여행을 추구합니다.', '2025-05-03 00:00:00', '2025-05-03 00:00:00'),
(36, 6, '배정나의 반려동물 동반여행', '사랑하는 반려동물과 함께 떠날 수 있는 여행지와 정보를 공유하는 모임입니다.', '2025-02-27 00:00:00', '2025-02-27 00:00:00'),
(37, 7, '문김의 북스테이', '조용한 북스테이에서 책과 함께 휴식하며 재충전하는 시간을 갖는 모임입니다.', '2025-02-05 00:00:00', '2025-02-05 00:00:00'),
(38, 8, '고이이의 영화촬영지 순례', '좋아하는 영화나 드라마 촬영지를 직접 방문하여 그 감동을 다시 느껴보는 여행 모임입니다.', '2025-03-01 00:00:00', '2025-03-01 00:00:00'),
(39, 9, '성윤의 자원봉사 여행', '여행을 하며 지역사회에 작은 도움을 줄 수 있는 의미 있는 자원봉사 여행을 함께 합니다.', '2025-04-24 00:00:00', '2025-04-24 00:00:00'),
(40, 10, '권차의 차박캠핑', '간단한 장비로 차에서 숙박하며 자유롭게 떠나는 차박 캠핑 동호회입니다.', '2025-03-22 00:00:00', '2025-03-22 00:00:00'),
(41, 11, '이박이의 등산초보클럽', '등산을 처음 시작하는 분들을 위한 쉽고 재미있는 등산 모임입니다. 함께 성장해요!', '2025-02-02 00:00:00', '2025-02-02 00:00:00'),
(42, 1, '윤이김의 해외여행 준비반', '해외여행을 꿈꾸는 사람들을 위한 정보 공유 및 스터디 그룹입니다. 함께 준비해요!', '2025-01-27 00:00:00', '2025-01-27 00:00:00'),
(43, 2, '주식회사 김여행플러스', '기존 여행에 만족하지 못하는 분들을 위한 플러스알파가 있는 특별한 여행을 제공합니다.', '2025-02-12 00:00:00', '2025-02-12 00:00:00'),
(44, 3, '백하의 와이너리 투어', '국내외 와이너리를 방문하여 와인 시음과 함께 특별한 미식 경험을 즐기는 모임입니다.', '2025-04-13 00:00:00', '2025-04-13 00:00:00'),
(45, 4, '이이김의 낚시여행', '손맛을 즐기는 강태공들을 위한 낚시 명소 탐방 및 정보 공유 그룹입니다.', '2025-03-04 00:00:00', '2025-03-04 00:00:00'),
(46, 5, '안가네의 숨은 맛집 탐방', 'TV나 블로그에 잘 나오지 않는, 현지인만 아는 진짜 맛집을 찾아 떠나는 모임입니다.', '2025-04-24 00:00:00', '2025-04-24 00:00:00'),
(47, 6, '박김박의 문화유산 답사단', '우리나라의 소중한 문화유산을 찾아 그 가치를 배우고 보존하는 데 힘쓰는 모임입니다.', '2025-03-18 00:00:00', '2025-03-18 00:00:00'),
(48, 7, '이김윤의 드론촬영 여행', '드론으로 아름다운 풍경을 촬영하고, 영상을 공유하는 드론 촬영 동호회입니다.', '2025-01-04 00:00:00', '2025-01-04 00:00:00'),
(49, 8, '손김의 온천여행', '따뜻한 온천물에 몸을 담그고 피로를 풀며 힐링하는 온천 여행 동호회입니다.', '2025-04-18 00:00:00', '2025-04-18 00:00:00'),
(50, 9, '강황박의 별보기 여행', '맑은 밤하늘 아래 쏟아지는 별을 감상하며 우주의 신비를 느껴보는 여행 모임입니다.', '2025-03-20 00:00:00', '2025-03-20 00:00:00');


-- trips 테이블 데이터 (gno, created_at, updated_at 추가, thumnail_url 사용, 한국어화)
-- gno는 임의로 1~100 중 할당, created_at/updated_at은 '2024-01-01 00:00:00'로 통일
INSERT INTO trips (tno, gno, mno, title, description, start_date, end_date, created_at, updated_at, thumbnail_url) VALUES
(1, 0, 11, '원주시 힐링 여행', '고요한 자연 속에서 마음의 평화를 찾는 여정입니다. 아름다운 풍경과 함께 특별한 추억을 만들어보세요.', '2025-01-18', '2025-12-19', '2024-01-01 00:00:00', '2024-01-01 00:00:00', NULL),
(2, 0, 11, '청주시 상당구 문화 탐방', '역사와 문화가 살아 숨 쉬는 청주 상당구에서 다채로운 경험을 즐겨보세요. 맛있는 음식은 덤입니다!', '2024-08-25', '2026-05-26', '2024-01-01 00:00:00', '2024-01-01 00:00:00', NULL),
(3, 0, 11, '정선군 자연 속으로', '정선군의 아름다운 자연과 함께하는 특별한 여행. 맑은 공기와 푸른 숲이 여러분을 기다립니다.', '2024-10-10', '2026-02-16', '2024-01-01 00:00:00', '2024-01-01 00:00:00', NULL),
(4, 0, 11, '안양시 예술 기행', '안양의 숨겨진 예술 명소를 찾아 떠나는 여행. 다양한 작품과 함께 영감을 얻어보세요.', '2025-01-20', '2026-01-20', '2024-01-01 00:00:00', '2024-01-01 00:00:00', NULL),
(5, 0, 5, '아산시 역사 체험', '아산의 유구한 역사와 문화를 직접 체험해보는 의미 있는 여행. 과거로의 시간 여행을 떠나보세요.', '2025-04-22', '2025-07-12', '2024-01-01 00:00:00', '2024-01-01 00:00:00', NULL),
(6, 0, 5, '천안시 서북구 맛집 투어', '천안 서북구의 숨겨진 맛집들을 찾아 떠나는 미식 여행! 다양한 음식을 맛보며 즐거운 시간을 보내세요.', '2025-04-15', '2026-03-29', '2024-01-01 00:00:00', '2024-01-01 00:00:00', NULL),
(7, 0, 4, '정선 레일바이크 체험', '정선군의 아름다운 풍경을 가로지르는 레일바이크 체험. 친구, 가족과 함께 잊지 못할 추억을 만드세요.', '2025-03-22', '2025-09-15', '2024-01-01 00:00:00', '2024-01-01 00:00:00', NULL),
(8, 0, 4, '안양천변 자전거 여행', '시원한 강바람을 맞으며 안양천변을 따라 달리는 자전거 여행. 건강도 챙기고 스트레스도 날려보세요.', '2024-05-30', '2025-08-18', '2024-01-01 00:00:00', '2024-01-01 00:00:00', NULL),
(9, 0, 5, '의왕시 호수공원 산책', '아름다운 의왕시 호수공원에서 여유로운 산책을 즐겨보세요. 도심 속 자연을 만끽할 수 있는 최고의 장소입니다.', '2025-03-05', '2025-08-20', '2024-01-01 00:00:00', '2024-01-01 00:00:00', NULL),
(10, 0, 8, '보령 머드 축제 참가', '세계적인 축제, 보령 머드 축제에서 신나는 경험을 만끽하세요! 잊지 못할 여름 추억을 만들 수 있습니다.', '2024-12-16', '2026-01-05', '2024-01-01 00:00:00', '2024-01-01 00:00:00', NULL),
(11, 0, 11, '인제 자작나무숲 힐링', '신비로운 인제 자작나무숲에서 자연의 아름다움을 느껴보세요. 사진 찍기 좋은 명소로도 유명합니다.', '2024-12-18', '2026-02-26', '2024-01-01 00:00:00', '2024-01-01 00:00:00', NULL),
(12, 0, 10, '의정부 부대찌개 골목 탐방', '의정부의 명물, 부대찌개 골목에서 원조의 맛을 느껴보세요. 다양한 맛집들이 여러분을 기다립니다.', '2024-11-12', '2026-03-04', '2024-01-01 00:00:00', '2024-01-01 00:00:00', NULL),
(13, 0, 6, '광명동굴 테마파크 모험', '신비로운 광명동굴 테마파크에서 특별한 모험을 즐겨보세요. 다양한 볼거리와 체험이 가득합니다.', '2024-05-28', '2025-08-13', '2024-01-01 00:00:00', '2024-01-01 00:00:00', NULL),
(14, 0, 4, '남양주 카페거리 데이트', '아름다운 북한강변을 따라 조성된 남양주 카페거리에서 로맨틱한 데이트를 즐겨보세요.', '2025-01-03', '2026-01-26', '2024-01-01 00:00:00', '2024-01-01 00:00:00', NULL),
(15, 0, 7, '화성 융건릉 역사 산책', '조선 왕릉의 아름다움을 느낄 수 있는 화성 융건릉에서 역사 속으로 떠나는 산책을 즐겨보세요.', '2025-01-14', '2025-10-10', '2024-01-01 00:00:00', '2024-01-01 00:00:00', NULL),
(16, 0, 8, '수원 화성 야경 투어', '수원 화성의 아름다운 야경을 감상하며 특별한 밤을 보내세요. 역사와 현대가 공존하는 매력적인 도시입니다.', '2024-07-14', '2025-10-30', '2024-01-01 00:00:00', '2024-01-01 00:00:00', NULL),
(17, 0, 11, '단양팔경 유람선 여행', '단양팔경의 절경을 유람선을 타고 감상해보세요. 자연이 만들어낸 예술 작품에 감탄하게 될 것입니다.', '2025-01-17', '2025-11-19', '2024-01-01 00:00:00', '2024-01-01 00:00:00', NULL),
(18, 0, 9, '고양시 일산 호수공원 피크닉', '넓고 아름다운 일산 호수공원에서 여유로운 피크닉을 즐겨보세요. 가족, 연인과 함께하기 좋은 곳입니다.', '2025-03-10', '2025-12-25', '2024-01-01 00:00:00', '2024-01-01 00:00:00', NULL),
(19, 0, 9, '홍천강 래프팅 체험', '짜릿한 홍천강 래프팅으로 무더위를 날려보세요! 친구들과 함께 잊지 못할 여름 추억을 만들 수 있습니다.', '2024-05-31', '2025-12-31', '2024-01-01 00:00:00', '2024-01-01 00:00:00', NULL),
(20, 0, 9, '괴산 산막이옛길 트레킹', '아름다운 괴산 산막이옛길을 따라 걷는 트레킹. 자연 속에서 힐링하며 건강도 챙기세요.', '2024-12-15', '2026-05-06', '2024-01-01 00:00:00', '2024-01-01 00:00:00', NULL),
(21, 0, 11, '용인 한국민속촌 체험', '전통문화를 생생하게 체험할 수 있는 용인 한국민속촌으로 떠나는 시간 여행! 다양한 볼거리와 즐길 거리가 가득합니다.', '2025-01-22', '2025-12-26', '2024-01-01 00:00:00', '2024-01-01 00:00:00', NULL),
(22, 0, 9, '고양시 일산서구 쇼핑 나들이', '다양한 쇼핑몰과 아울렛이 모여있는 고양시 일산서구에서 즐거운 쇼핑 나들이를 즐겨보세요.', '2025-04-16', '2025-09-08', '2024-01-01 00:00:00', '2024-01-01 00:00:00', NULL),
(23, 0, 6, '양양 서핑 강습 체험', '푸른 동해 바다, 양양에서 짜릿한 서핑 강습을 받아보세요! 초보자도 쉽게 배울 수 있습니다.', '2024-07-18', '2025-08-28', '2024-01-01 00:00:00', '2024-01-01 00:00:00', NULL),
(24, 0, 6, '아산 외암민속마을 방문', '전통 가옥의 아름다움을 느낄 수 있는 아산 외암민속마을에서 고즈넉한 시간을 보내세요.', '2024-08-22', '2026-03-12', '2024-01-01 00:00:00', '2024-01-01 00:00:00', NULL),
(25, 0, 11, '성남시 수정구 등산 코스', '성남시 수정구에 위치한 아름다운 등산 코스를 따라 맑은 공기를 마시며 건강을 챙겨보세요.', '2024-07-05', '2026-03-01', '2024-01-01 00:00:00', '2024-01-01 00:00:00', NULL),
(26, 0, 11, '금산 인삼시장 방문', '건강의 상징, 금산 인삼시장에서 좋은 품질의 인삼을 만나보세요. 활력이 넘치는 여행이 될 것입니다.', '2024-10-15', '2025-09-14', '2024-01-01 00:00:00', '2024-01-01 00:00:00', NULL),
(27, 0, 9, '안양시 만안구 예술공원', '다양한 조각 작품과 자연이 어우러진 안양시 만안구 예술공원에서 여유로운 시간을 보내세요.', '2024-08-21', '2026-03-17', '2024-01-01 00:00:00', '2024-01-01 00:00:00', NULL),
(28, 0, 5, '고양 스타필드 쇼핑 & 여가', '쇼핑, 맛집, 영화관 등 모든 것을 즐길 수 있는 고양 스타필드에서 하루 종일 즐거운 시간을 보내세요.', '2024-12-18', '2026-01-15', '2024-01-01 00:00:00', '2024-01-01 00:00:00', NULL),
(29, 0, 7, '횡성 한우 축제 체험', '횡성 한우의 맛을 제대로 느낄 수 있는 횡성 한우 축제! 다양한 프로그램과 함께 즐거운 시간을 보내세요.', '2024-09-13', '2025-09-06', '2024-01-01 00:00:00', '2024-01-01 00:00:00', NULL),
(30, 0, 11, '하남 미사리 조정경기장 나들이', '아름다운 미사리 조정경기장에서 카누, 카약 등 다양한 수상 스포츠를 즐기거나 산책을 즐겨보세요.', '2024-11-10', '2025-09-25', '2024-01-01 00:00:00', '2024-01-01 00:00:00', NULL),
(31, 0, 6, '김포 애기봉 평화생태공원', '분단의 아픔과 평화의 소중함을 느낄 수 있는 김포 애기봉 평화생태공원을 방문해보세요.', '2025-03-24', '2026-02-10', '2024-01-01 00:00:00', '2024-01-01 00:00:00', NULL),
(32, 0, 11, '횡성 둔내 자연휴양림', '울창한 숲과 맑은 계곡이 있는 횡성 둔내 자연휴양림에서 진정한 휴식을 경험하세요.', '2025-04-18', '2025-07-08', '2024-01-01 00:00:00', '2024-01-01 00:00:00', NULL),
(33, 0, 9, '안양시 동안구 평촌중앙공원', '도심 속 오아시스, 평촌중앙공원에서 다양한 문화 행사와 함께 여유로운 시간을 보내세요.', '2024-09-04', '2025-09-06', '2024-01-01 00:00:00', '2024-01-01 00:00:00', NULL),
(34, 0, 10, '청주시 흥덕구 직지 박물관', '세계 최고(最古)의 금속활자본 직지를 만날 수 있는 청주 직지 박물관에서 우리 역사의 위대함을 느껴보세요.', '2024-06-25', '2025-08-31', '2024-01-01 00:00:00', '2024-01-01 00:00:00', NULL),
(35, 0, 4, '성남시 중원구 남한산성 트레킹', '유네스코 세계문화유산 남한산성에서 아름다운 자연과 역사를 함께 느껴보는 트레킹을 즐겨보세요.', '2024-07-27', '2026-02-08', '2024-01-01 00:00:00', '2024-01-01 00:00:00', NULL),
(36, 0, 7, '파주 헤이리 예술마을', '다양한 갤러리, 박물관, 공방이 모여있는 파주 헤이리 예술마을에서 예술적 감성을 채워보세요.', '2025-03-28', '2026-01-07', '2024-01-01 00:00:00', '2024-01-01 00:00:00', NULL),
(37, 0, 5, '안양 삼성산 산림욕장', '울창한 숲 속에서 맑은 공기를 마시며 심신의 피로를 풀 수 있는 안양 삼성산 산림욕장을 추천합니다.', '2024-09-30', '2025-11-01', '2024-01-01 00:00:00', '2024-01-01 00:00:00', NULL),
(38, 0, 7, '청주시 흥덕구 청남대 관람', '대통령의 별장이었던 청남대에서 아름다운 정원과 자연을 감상하며 특별한 시간을 보내세요.', '2025-03-31', '2025-06-10', '2024-01-01 00:00:00', '2024-01-01 00:00:00', NULL),
(39, 0, 8, '서천 국립생태원 탐방', '다양한 동식물을 만날 수 있는 서천 국립생태원에서 자연의 신비로움을 느껴보세요. 아이들과 함께 가기 좋은 곳입니다.', '2024-05-31', '2025-11-15', '2024-01-01 00:00:00', '2024-01-01 00:00:00', NULL),
(40, 0, 5, '괴산 화양구곡 드라이브', '아홉 개의 아름다운 계곡이 이어지는 괴산 화양구곡을 따라 드라이브하며 절경을 감상하세요.', '2025-03-14', '2026-05-25', '2024-01-01 00:00:00', '2024-01-01 00:00:00', NULL),
(41, 0, 4, '태백산 눈꽃 산행', '겨울이면 아름다운 눈꽃으로 뒤덮이는 태백산에서 환상적인 설경을 감상하며 산행을 즐겨보세요.', '2024-05-27', '2025-08-24', '2024-01-01 00:00:00', '2024-01-01 00:00:00', NULL),
(42, 0, 10, '서천 신성리 갈대밭 산책', '가을이면 황금빛으로 물드는 서천 신성리 갈대밭에서 아름다운 풍경과 함께 인생샷을 남겨보세요.', '2025-03-19', '2025-11-16', '2024-01-01 00:00:00', '2024-01-01 00:00:00', NULL),
(43, 0, 10, '가평 아침고요수목원 나들이', '사계절 아름다운 꽃과 나무를 감상할 수 있는 가평 아침고요수목원에서 힐링의 시간을 가져보세요.', '2024-12-31', '2026-02-17', '2024-01-01 00:00:00', '2024-01-01 00:00:00', NULL),
(44, 0, 6, '평창 대관령 양떼목장 체험', '푸른 초원에서 뛰노는 양들과 교감할 수 있는 평창 대관령 양떼목장에서 특별한 경험을 해보세요.', '2025-03-10', '2025-05-28', '2024-01-01 00:00:00', '2024-01-01 00:00:00', NULL),
(45, 0, 7, '군포 철쭉동산 봄나들이', '봄이면 만개하는 철쭉으로 아름다운 군포 철쭉동산에서 화사한 봄기운을 느껴보세요.', '2024-12-21', '2026-02-01', '2024-01-01 00:00:00', '2024-01-01 00:00:00', NULL),
(46, 0, 11, '김포 대명항 수산시장', '싱싱한 해산물을 저렴하게 구매하고 맛볼 수 있는 김포 대명항 수산시장에서 활기찬 분위기를 느껴보세요.', '2024-06-21', '2025-08-13', '2024-01-01 00:00:00', '2024-01-01 00:00:00', NULL),
(47, 0, 6, '고양시 행주산성 역사탐방', '임진왜란의 격전지였던 행주산성에서 우리 역사의 숨결을 느껴보세요. 아름다운 한강 풍경도 감상할 수 있습니다.', '2024-11-27', '2026-03-04', '2024-01-01 00:00:00', '2024-01-01 00:00:00', NULL),
(48, 0, 6, '용인시 처인구 농촌체험', '다양한 농촌 체험 프로그램이 마련된 용인시 처인구에서 자연과 함께하는 특별한 하루를 보내세요.', '2025-01-16', '2025-08-24', '2024-01-01 00:00:00', '2024-01-01 00:00:00', NULL),
(49, 0, 4, '계룡산 국립공원 등반', '수려한 자연경관을 자랑하는 계룡산 국립공원에서 등산을 즐기며 심신의 건강을 다져보세요.', '2025-03-07', '2025-10-15', '2024-01-01 00:00:00', '2024-01-01 00:00:00', NULL),
(50, 0, 8, '양주 장흥자연휴양림', '수도권에서 가까운 양주 장흥자연휴양림에서 맑은 공기를 마시며 가족, 친구들과 즐거운 시간을 보내세요.', '2024-08-15', '2026-03-22', '2024-01-01 00:00:00', '2024-01-01 00:00:00', NULL),
(51, 1, 10, '원주시 힐링 여행', '고요한 자연 속에서 마음의 평화를 찾는 여정입니다. 아름다운 풍경과 함께 특별한 추억을 만들어보세요.', '2025-01-18', '2025-12-19', '2024-01-01 00:00:00', '2024-01-01 00:00:00', NULL),
(52, 2, 5, '청주시 상당구 문화 탐방', '역사와 문화가 살아 숨 쉬는 청주 상당구에서 다채로운 경험을 즐겨보세요. 맛있는 음식은 덤입니다!', '2024-08-25', '2026-05-26', '2024-01-01 00:00:00', '2024-01-01 00:00:00', NULL),
(53, 3, 10, '정선군 자연 속으로', '정선군의 아름다운 자연과 함께하는 특별한 여행. 맑은 공기와 푸른 숲이 여러분을 기다립니다.', '2024-10-10', '2026-02-16', '2024-01-01 00:00:00', '2024-01-01 00:00:00', NULL),
(54, 4, 8, '안양시 예술 기행', '안양의 숨겨진 예술 명소를 찾아 떠나는 여행. 다양한 작품과 함께 영감을 얻어보세요.', '2025-01-20', '2026-01-20', '2024-01-01 00:00:00', '2024-01-01 00:00:00', NULL),
(55, 5, 5, '아산시 역사 체험', '아산의 유구한 역사와 문화를 직접 체험해보는 의미 있는 여행. 과거로의 시간 여행을 떠나보세요.', '2025-04-22', '2025-07-12', '2024-01-01 00:00:00', '2024-01-01 00:00:00', NULL),
(56, 6, 10, '천안시 서북구 맛집 투어', '천안 서북구의 숨겨진 맛집들을 찾아 떠나는 미식 여행! 다양한 음식을 맛보며 즐거운 시간을 보내세요.', '2025-04-15', '2026-03-29', '2024-01-01 00:00:00', '2024-01-01 00:00:00', NULL),
(57, 7, 4, '정선 레일바이크 체험', '정선군의 아름다운 풍경을 가로지르는 레일바이크 체험. 친구, 가족과 함께 잊지 못할 추억을 만드세요.', '2025-03-22', '2025-09-15', '2024-01-01 00:00:00', '2024-01-01 00:00:00', NULL),
(58, 8, 9, '안양천변 자전거 여행', '시원한 강바람을 맞으며 안양천변을 따라 달리는 자전거 여행. 건강도 챙기고 스트레스도 날려보세요.', '2024-05-30', '2025-08-18', '2024-01-01 00:00:00', '2024-01-01 00:00:00', NULL),
(59, 9, 10, '의왕시 호수공원 산책', '아름다운 의왕시 호수공원에서 여유로운 산책을 즐겨보세요. 도심 속 자연을 만끽할 수 있는 최고의 장소입니다.', '2025-03-05', '2025-08-20', '2024-01-01 00:00:00', '2024-01-01 00:00:00', NULL),
(60, 10, 8, '보령 머드 축제 참가', '세계적인 축제, 보령 머드 축제에서 신나는 경험을 만끽하세요! 잊지 못할 여름 추억을 만들 수 있습니다.', '2024-12-16', '2026-01-05', '2024-01-01 00:00:00', '2024-01-01 00:00:00', NULL),
(61, 11, 11, '인제 자작나무숲 힐링', '신비로운 인제 자작나무숲에서 자연의 아름다움을 느껴보세요. 사진 찍기 좋은 명소로도 유명합니다.', '2024-12-18', '2026-02-26', '2024-01-01 00:00:00', '2024-01-01 00:00:00', NULL),
(62, 12, 10, '의정부 부대찌개 골목 탐방', '의정부의 명물, 부대찌개 골목에서 원조의 맛을 느껴보세요. 다양한 맛집들이 여러분을 기다립니다.', '2024-11-12', '2026-03-04', '2024-01-01 00:00:00', '2024-01-01 00:00:00', NULL),
(63, 13, 6, '광명동굴 테마파크 모험', '신비로운 광명동굴 테마파크에서 특별한 모험을 즐겨보세요. 다양한 볼거리와 체험이 가득합니다.', '2024-05-28', '2025-08-13', '2024-01-01 00:00:00', '2024-01-01 00:00:00', NULL),
(64, 14, 4, '남양주 카페거리 데이트', '아름다운 북한강변을 따라 조성된 남양주 카페거리에서 로맨틱한 데이트를 즐겨보세요.', '2025-01-03', '2026-01-26', '2024-01-01 00:00:00', '2024-01-01 00:00:00', NULL),
(65, 15, 7, '화성 융건릉 역사 산책', '조선 왕릉의 아름다움을 느낄 수 있는 화성 융건릉에서 역사 속으로 떠나는 산책을 즐겨보세요.', '2025-01-14', '2025-10-10', '2024-01-01 00:00:00', '2024-01-01 00:00:00', NULL),
(66, 16, 8, '수원 화성 야경 투어', '수원 화성의 아름다운 야경을 감상하며 특별한 밤을 보내세요. 역사와 현대가 공존하는 매력적인 도시입니다.', '2024-07-14', '2025-10-30', '2024-01-01 00:00:00', '2024-01-01 00:00:00', NULL),
(67, 17, 11, '단양팔경 유람선 여행', '단양팔경의 절경을 유람선을 타고 감상해보세요. 자연이 만들어낸 예술 작품에 감탄하게 될 것입니다.', '2025-01-17', '2025-11-19', '2024-01-01 00:00:00', '2024-01-01 00:00:00', NULL),
(68, 18, 9, '고양시 일산 호수공원 피크닉', '넓고 아름다운 일산 호수공원에서 여유로운 피크닉을 즐겨보세요. 가족, 연인과 함께하기 좋은 곳입니다.', '2025-03-10', '2025-12-25', '2024-01-01 00:00:00', '2024-01-01 00:00:00', NULL),
(69, 19, 9, '홍천강 래프팅 체험', '짜릿한 홍천강 래프팅으로 무더위를 날려보세요! 친구들과 함께 잊지 못할 여름 추억을 만들 수 있습니다.', '2024-05-31', '2025-12-31', '2024-01-01 00:00:00', '2024-01-01 00:00:00', NULL),
(70, 20, 9, '괴산 산막이옛길 트레킹', '아름다운 괴산 산막이옛길을 따라 걷는 트레킹. 자연 속에서 힐링하며 건강도 챙기세요.', '2024-12-15', '2026-05-06', '2024-01-01 00:00:00', '2024-01-01 00:00:00', NULL),
(71, 21, 11, '용인 한국민속촌 체험', '전통문화를 생생하게 체험할 수 있는 용인 한국민속촌으로 떠나는 시간 여행! 다양한 볼거리와 즐길 거리가 가득합니다.', '2025-01-22', '2025-12-26', '2024-01-01 00:00:00', '2024-01-01 00:00:00', NULL),
(72, 22, 9, '고양시 일산서구 쇼핑 나들이', '다양한 쇼핑몰과 아울렛이 모여있는 고양시 일산서구에서 즐거운 쇼핑 나들이를 즐겨보세요.', '2025-04-16', '2025-09-08', '2024-01-01 00:00:00', '2024-01-01 00:00:00', NULL),
(73, 23, 6, '양양 서핑 강습 체험', '푸른 동해 바다, 양양에서 짜릿한 서핑 강습을 받아보세요! 초보자도 쉽게 배울 수 있습니다.', '2024-07-18', '2025-08-28', '2024-01-01 00:00:00', '2024-01-01 00:00:00', NULL),
(74, 24, 6, '아산 외암민속마을 방문', '전통 가옥의 아름다움을 느낄 수 있는 아산 외암민속마을에서 고즈넉한 시간을 보내세요.', '2024-08-22', '2026-03-12', '2024-01-01 00:00:00', '2024-01-01 00:00:00', NULL),
(75, 25, 11, '성남시 수정구 등산 코스', '성남시 수정구에 위치한 아름다운 등산 코스를 따라 맑은 공기를 마시며 건강을 챙겨보세요.', '2024-07-05', '2026-03-01', '2024-01-01 00:00:00', '2024-01-01 00:00:00', NULL),
(76, 26, 11, '금산 인삼시장 방문', '건강의 상징, 금산 인삼시장에서 좋은 품질의 인삼을 만나보세요. 활력이 넘치는 여행이 될 것입니다.', '2024-10-15', '2025-09-14', '2024-01-01 00:00:00', '2024-01-01 00:00:00', NULL),
(77, 27, 9, '안양시 만안구 예술공원', '다양한 조각 작품과 자연이 어우러진 안양시 만안구 예술공원에서 여유로운 시간을 보내세요.', '2024-08-21', '2026-03-17', '2024-01-01 00:00:00', '2024-01-01 00:00:00', NULL),
(78, 28, 5, '고양 스타필드 쇼핑 & 여가', '쇼핑, 맛집, 영화관 등 모든 것을 즐길 수 있는 고양 스타필드에서 하루 종일 즐거운 시간을 보내세요.', '2024-12-18', '2026-01-15', '2024-01-01 00:00:00', '2024-01-01 00:00:00', NULL),
(79, 29, 7, '횡성 한우 축제 체험', '횡성 한우의 맛을 제대로 느낄 수 있는 횡성 한우 축제! 다양한 프로그램과 함께 즐거운 시간을 보내세요.', '2024-09-13', '2025-09-06', '2024-01-01 00:00:00', '2024-01-01 00:00:00', NULL),
(80, 30, 11, '하남 미사리 조정경기장 나들이', '아름다운 미사리 조정경기장에서 카누, 카약 등 다양한 수상 스포츠를 즐기거나 산책을 즐겨보세요.', '2024-11-10', '2025-09-25', '2024-01-01 00:00:00', '2024-01-01 00:00:00', NULL),
(81, 31, 6, '김포 애기봉 평화생태공원', '분단의 아픔과 평화의 소중함을 느낄 수 있는 김포 애기봉 평화생태공원을 방문해보세요.', '2025-03-24', '2026-02-10', '2024-01-01 00:00:00', '2024-01-01 00:00:00', NULL),
(82, 32, 11, '횡성 둔내 자연휴양림', '울창한 숲과 맑은 계곡이 있는 횡성 둔내 자연휴양림에서 진정한 휴식을 경험하세요.', '2025-04-18', '2025-07-08', '2024-01-01 00:00:00', '2024-01-01 00:00:00', NULL),
(83, 33, 9, '안양시 동안구 평촌중앙공원', '도심 속 오아시스, 평촌중앙공원에서 다양한 문화 행사와 함께 여유로운 시간을 보내세요.', '2024-09-04', '2025-09-06', '2024-01-01 00:00:00', '2024-01-01 00:00:00', NULL),
(84, 34, 10, '청주시 흥덕구 직지 박물관', '세계 최고(最古)의 금속활자본 직지를 만날 수 있는 청주 직지 박물관에서 우리 역사의 위대함을 느껴보세요.', '2024-06-25', '2025-08-31', '2024-01-01 00:00:00', '2024-01-01 00:00:00', NULL),
(85, 35, 4, '성남시 중원구 남한산성 트레킹', '유네스코 세계문화유산 남한산성에서 아름다운 자연과 역사를 함께 느껴보는 트레킹을 즐겨보세요.', '2024-07-27', '2026-02-08', '2024-01-01 00:00:00', '2024-01-01 00:00:00', NULL),
(86, 36, 7, '파주 헤이리 예술마을', '다양한 갤러리, 박물관, 공방이 모여있는 파주 헤이리 예술마을에서 예술적 감성을 채워보세요.', '2025-03-28', '2026-01-07', '2024-01-01 00:00:00', '2024-01-01 00:00:00', NULL),
(87, 37, 5, '안양 삼성산 산림욕장', '울창한 숲 속에서 맑은 공기를 마시며 심신의 피로를 풀 수 있는 안양 삼성산 산림욕장을 추천합니다.', '2024-09-30', '2025-11-01', '2024-01-01 00:00:00', '2024-01-01 00:00:00', NULL),
(88, 38, 7, '청주시 흥덕구 청남대 관람', '대통령의 별장이었던 청남대에서 아름다운 정원과 자연을 감상하며 특별한 시간을 보내세요.', '2025-03-31', '2025-06-10', '2024-01-01 00:00:00', '2024-01-01 00:00:00', NULL),
(89, 39, 8, '서천 국립생태원 탐방', '다양한 동식물을 만날 수 있는 서천 국립생태원에서 자연의 신비로움을 느껴보세요. 아이들과 함께 가기 좋은 곳입니다.', '2024-05-31', '2025-11-15', '2024-01-01 00:00:00', '2024-01-01 00:00:00', NULL),
(90, 40, 5, '괴산 화양구곡 드라이브', '아홉 개의 아름다운 계곡이 이어지는 괴산 화양구곡을 따라 드라이브하며 절경을 감상하세요.', '2025-03-14', '2026-05-25', '2024-01-01 00:00:00', '2024-01-01 00:00:00', NULL),
(91, 41, 4, '태백산 눈꽃 산행', '겨울이면 아름다운 눈꽃으로 뒤덮이는 태백산에서 환상적인 설경을 감상하며 산행을 즐겨보세요.', '2024-05-27', '2025-08-24', '2024-01-01 00:00:00', '2024-01-01 00:00:00', NULL),
(92, 42, 10, '서천 신성리 갈대밭 산책', '가을이면 황금빛으로 물드는 서천 신성리 갈대밭에서 아름다운 풍경과 함께 인생샷을 남겨보세요.', '2025-03-19', '2025-11-16', '2024-01-01 00:00:00', '2024-01-01 00:00:00', NULL),
(93, 43, 10, '가평 아침고요수목원 나들이', '사계절 아름다운 꽃과 나무를 감상할 수 있는 가평 아침고요수목원에서 힐링의 시간을 가져보세요.', '2024-12-31', '2026-02-17', '2024-01-01 00:00:00', '2024-01-01 00:00:00', NULL),
(94, 44, 6, '평창 대관령 양떼목장 체험', '푸른 초원에서 뛰노는 양들과 교감할 수 있는 평창 대관령 양떼목장에서 특별한 경험을 해보세요.', '2025-03-10', '2025-05-28', '2024-01-01 00:00:00', '2024-01-01 00:00:00', NULL),
(95, 45, 7, '군포 철쭉동산 봄나들이', '봄이면 만개하는 철쭉으로 아름다운 군포 철쭉동산에서 화사한 봄기운을 느껴보세요.', '2024-12-21', '2026-02-01', '2024-01-01 00:00:00', '2024-01-01 00:00:00', NULL),
(96, 46, 11, '김포 대명항 수산시장', '싱싱한 해산물을 저렴하게 구매하고 맛볼 수 있는 김포 대명항 수산시장에서 활기찬 분위기를 느껴보세요.', '2024-06-21', '2025-08-13', '2024-01-01 00:00:00', '2024-01-01 00:00:00', NULL),
(97, 47, 6, '고양시 행주산성 역사탐방', '임진왜란의 격전지였던 행주산성에서 우리 역사의 숨결을 느껴보세요. 아름다운 한강 풍경도 감상할 수 있습니다.', '2024-11-27', '2026-03-04', '2024-01-01 00:00:00', '2024-01-01 00:00:00', NULL),
(98, 48, 6, '용인시 처인구 농촌체험', '다양한 농촌 체험 프로그램이 마련된 용인시 처인구에서 자연과 함께하는 특별한 하루를 보내세요.', '2025-01-16', '2025-08-24', '2024-01-01 00:00:00', '2024-01-01 00:00:00', NULL),
(99, 49, 4, '계룡산 국립공원 등반', '수려한 자연경관을 자랑하는 계룡산 국립공원에서 등산을 즐기며 심신의 건강을 다져보세요.', '2025-03-07', '2025-10-15', '2024-01-01 00:00:00', '2024-01-01 00:00:00', NULL),
(100, 50, 8, '양주 장흥자연휴양림', '수도권에서 가까운 양주 장흥자연휴양림에서 맑은 공기를 마시며 가족, 친구들과 즐거운 시간을 보내세요.', '2024-08-15', '2026-03-22', '2024-01-01 00:00:00', '2024-01-01 00:00:00', NULL);

-- plans 테이블 데이터 (description, created_at, updated_at 추가, 한국어화)
INSERT INTO plans (pno, tno, mno, title, description, start_date, end_date, created_at, updated_at) VALUES
(1, 18, 5, '호수공원 완벽 피크닉 계획', '일산 호수공원에서 즐기는 여유로운 하루, 맛있는 도시락과 함께!', '2024-12-24', '2026-04-18', '2024-01-01 00:00:00', '2024-01-01 00:00:00'),
(2, 68, 8, '탄천 자전거길 따라 맛집 탐방', '성남 탄천 자전거길 라이딩 후 즐기는 꿀맛 점심 코스.', '2025-04-16', '2025-10-16', '2024-01-01 00:00:00', '2024-01-01 00:00:00'),
(3, 54, 4, '평택호에서 즐기는 수상레저', '평택호 관광단지에서 신나는 수상 액티비티 체험 계획.', '2024-07-03', '2026-05-04', '2024-01-01 00:00:00', '2024-01-01 00:00:00'),
(4, 16, 7, '수원 화성 야경 감상 후 치맥', '수원 화성의 아름다운 밤 풍경과 함께 즐기는 치맥 타임.', '2024-08-23', '2026-04-24', '2024-01-01 00:00:00', '2024-01-01 00:00:00'),
(5, 82, 4, '원주 소금산 스릴 만점 도전', '소금산 출렁다리와 간현관광지 액티비티 정복 계획.', '2024-07-19', '2026-02-13', '2024-01-01 00:00:00', '2024-01-01 00:00:00'),
(6, 31, 7, '김포 애기봉에서 느끼는 평화', '애기봉 평화생태공원 방문 및 주변 관광지 연계 코스.', '2025-01-20', '2026-02-11', '2024-01-01 00:00:00', '2024-01-01 00:00:00'),
(7, 93, 4, '무창포 바닷길 갯벌체험 준비', '신비의 바닷길이 열리는 시간에 맞춰 갯벌체험 도구 챙기기!', '2024-07-04', '2026-04-02', '2024-01-01 00:00:00', '2024-01-01 00:00:00'),
(8, 20, 4, '괴산 산막이옛길 힐링 트레킹', '산막이옛길 코스별 시간 안배 및 주변 맛집 탐색.', '2024-10-11', '2025-08-11', '2024-01-01 00:00:00', '2024-01-01 00:00:00'),
(9, 11, 7, '인제 자작나무숲 인생샷 남기기', '자작나무숲에서 가장 예쁜 사진을 찍기 위한 준비물과 포즈 연구.', '2025-03-02', '2025-07-27', '2024-01-01 00:00:00', '2024-01-01 00:00:00'),
(10, 69, 6, '과천 서울대공원 알차게 즐기기', '동물원, 식물원, 미술관까지 하루에 모두 둘러보는 코스.', '2025-02-08', '2025-12-25', '2024-01-01 00:00:00', '2024-01-01 00:00:00'),
(11, 49, 9, '계룡산 등반 코스 정복', '계룡산 주요 등산로 중 체력에 맞는 코스 선택 및 준비물 점검.', '2024-06-28', '2025-10-17', '2024-01-01 00:00:00', '2024-01-01 00:00:00'),
(12, 47, 5, '행주산성 역사 공부와 함께', '행주산성 방문 전 역사적 배경 학습 및 관람 동선 계획.', '2024-09-03', '2025-09-09', '2024-01-01 00:00:00', '2024-01-01 00:00:00'),
(13, 20, 4, '괴산 산막이옛길 재방문 계획', '지난번 좋았던 코스 다시 걷고 새로운 맛집 도전하기.', '2024-08-13', '2026-01-03', '2024-01-01 00:00:00', '2024-01-01 00:00:00'),
(14, 40, 11, '화양구곡 드라이브와 카페투어', '괴산 화양구곡의 아름다운 풍경을 따라 드라이브하고 예쁜 카페에서 휴식.', '2024-05-30', '2026-03-17', '2024-01-01 00:00:00', '2024-01-01 00:00:00'),
(15, 27, 4, '안양 예술공원 작품 해설 듣기', '안양 예술공원 작품 해설 프로그램 참여 및 주변 맛집 탐방.', '2025-01-02', '2026-03-19', '2024-01-01 00:00:00', '2024-01-01 00:00:00'),
(16, 41, 4, '태백산 눈꽃 산행 준비 철저히', '겨울 태백산 등반을 위한 방한 장비 및 안전 수칙 점검.', '2024-12-22', '2025-08-25', '2024-01-01 00:00:00', '2024-01-01 00:00:00'),
(17, 76, 7, '안양예술공원 스탬프 투어', '안양예술공원 곳곳에 숨겨진 스탬프를 찾아 완성하는 미션.', '2025-02-11', '2025-06-16', '2024-01-01 00:00:00', '2024-01-01 00:00:00'),
(18, 37, 10, '삼성산 산림욕장 피톤치드 만끽', '안양 삼성산 산림욕장에서 맑은 공기 마시며 심신 안정 찾기.', '2024-08-14', '2025-05-29', '2024-01-01 00:00:00', '2024-01-01 00:00:00'),
(19, 38, 10, '청남대 대통령 별장 꼼꼼히 보기', '청남대의 아름다운 정원과 대통령 기념관 상세 관람 계획.', '2024-07-19', '2025-08-14', '2024-01-01 00:00:00', '2024-01-01 00:00:00'),
(20, 98, 8, '서오릉 역사 해설 투어 참여', '고양 서오릉의 역사적 의미를 배우는 해설 프로그램 신청.', '2024-07-01', '2026-03-29', '2024-01-01 00:00:00', '2024-01-01 00:00:00'),
(21, 14, 4, '남양주 카페거리 포토존 공략', '남양주 예쁜 카페에서 인생샷 남기기 위한 의상과 소품 준비.', '2025-04-03', '2026-03-24', '2024-01-01 00:00:00', '2024-01-01 00:00:00'),
(22, 71, 5, '서산 해미읍성 전통놀이 체험', '해미읍성에서 진행하는 다양한 전통놀이 체험 프로그램 참여하기.', '2025-03-16', '2025-06-24', '2024-01-01 00:00:00', '2024-01-01 00:00:00'),
(23, 42, 11, '신성리 갈대밭에서 일몰 감상', '서천 신성리 갈대밭의 황금빛 물결과 함께 아름다운 일몰 보기.', '2024-06-03', '2025-09-16', '2024-01-01 00:00:00', '2024-01-01 00:00:00'),
(24, 86, 11, '양주 나리공원 꽃밭 산책 코스', '천일홍 가득한 나리공원 산책로 따라 여유로운 시간 보내기.', '2025-02-18', '2025-06-20', '2024-01-01 00:00:00', '2024-01-01 00:00:00'),
(25, 38, 7, '청남대 주변 맛집 탐방 리스트', '청남대 관람 후 방문할 근처 맛집 사전 조사 및 예약.', '2025-02-15', '2025-10-14', '2024-01-01 00:00:00', '2024-01-01 00:00:00'),
(26, 2, 4, '청주 상당구 문화유산 답사', '상당산성, 용두사지 철당간 등 청주 상당구의 주요 문화유산 탐방 계획.', '2025-02-24', '2026-02-23', '2024-01-01 00:00:00', '2024-01-01 00:00:00'),
(27, 17, 11, '단양팔경 유람선 시간표 확인', '단양팔경 유람선 운행 시간 및 코스 확인 후 최적의 시간 선택.', '2024-09-12', '2025-06-25', '2024-01-01 00:00:00', '2024-01-01 00:00:00'),
(28, 65, 8, '안산 별빛마을 야간개장 즐기기', '밤에 더 아름다운 안산 별빛마을 포토랜드 야간 방문 계획.', '2025-01-19', '2025-09-18', '2024-01-01 00:00:00', '2024-01-01 00:00:00'),
(29, 48, 6, '용인 처인구 농촌체험 프로그램 선택', '용인시 처인구에서 제공하는 다양한 농촌체험 중 관심 프로그램 고르기.', '2025-01-02', '2026-02-16', '2024-01-01 00:00:00', '2024-01-01 00:00:00'),
(30, 14, 5, '남양주 카페거리 드라이브 코스', '북한강변 따라 이어지는 남양주 카페거리 드라이브 최적 경로 탐색.', '2025-03-31', '2025-12-08', '2024-01-01 00:00:00', '2024-01-01 00:00:00'),
(31, 22, 5, '고양 일산서구 쇼핑 아이템 리스트', '일산서구 아울렛 및 쇼핑몰 방문 전 구매할 아이템 목록 작성.', '2025-02-05', '2025-08-05', '2024-01-01 00:00:00', '2024-01-01 00:00:00'),
(32, 75, 10, '정선 아우라지 뱃사공 체험 예약', '정선 아우라지 뱃사공 체험 프로그램 사전 예약 및 문의.', '2024-11-05', '2026-03-19', '2024-01-01 00:00:00', '2024-01-01 00:00:00'),
(33, 99, 11, '천안 독립기념관 전시관람 동선', '독립기념관의 방대한 전시물을 효율적으로 관람하기 위한 동선 계획.', '2025-05-21', '2025-07-05', '2024-01-01 00:00:00', '2024-01-01 00:00:00'),
(34, 69, 11, '과천 서울대공원 리프트 이용 계획', '서울대공원 내 이동 편의를 위한 리프트 및 코끼리열차 이용 계획.', '2025-01-28', '2025-10-02', '2024-01-01 00:00:00', '2024-01-01 00:00:00'),
(35, 71, 8, '서산 해미읍성 주변 관광지 연계', '해미읍성 방문 후 가볼 만한 서산의 다른 관광지 탐색.', '2025-01-28', '2025-09-27', '2024-01-01 00:00:00', '2024-01-01 00:00:00'),
(36, 75, 11, '정선 아우라지 주변 먹거리 탐방', '아우라지 체험 후 맛볼 정선 특유의 먹거리 리스트업.', '2024-08-14', '2026-01-16', '2024-01-01 00:00:00', '2024-01-01 00:00:00'),
(37, 37, 4, '안양 삼성산 등산 후 휴식 계획', '삼성산 등산 후 피로를 풀 수 있는 인근 찜질방이나 맛집 검색.', '2024-08-12', '2025-08-06', '2024-01-01 00:00:00', '2024-01-01 00:00:00'),
(38, 88, 7, '상당산성 드라이브와 함께 즐길 음악', '청주 상당산성 드라이브 코스에 어울리는 플레이리스트 준비.', '2024-12-29', '2025-08-04', '2024-01-01 00:00:00', '2024-01-01 00:00:00'),
(39, 38, 9, '청남대 관람 시 유의사항 숙지', '대통령 별장이었던 청남대 관람 에티켓 및 사진 촬영 규칙 확인.', '2025-02-28', '2025-11-10', '2024-01-01 00:00:00', '2024-01-01 00:00:00'),
(40, 4, 10, '안양 예술기행, 작품 이해하기', '안양 공공예술 프로젝트(APAP) 작품 사전 조사 및 의미 파악.', '2025-03-14', '2026-04-12', '2024-01-01 00:00:00', '2024-01-01 00:00:00'),
(41, 77, 4, '화성 궁평항 해산물 쇼핑 리스트', '궁평항에서 구매할 싱싱한 제철 해산물 목록 및 가격대 조사.', '2024-10-31', '2025-06-26', '2024-01-01 00:00:00', '2024-01-01 00:00:00'),
(42, 85, 5, '광교호수공원 야경 명당 찾기', '수원 광교호수공원에서 가장 아름다운 야경을 볼 수 있는 스팟 탐색.', '2024-11-03', '2025-09-07', '2024-01-01 00:00:00', '2024-01-01 00:00:00'),
(43, 58, 7, '범계 로데오거리 쇼핑 동선 짜기', '안양 범계 로데오거리에서 효율적인 쇼핑을 위한 동선 계획.', '2025-01-09', '2026-01-11', '2024-01-01 00:00:00', '2024-01-01 00:00:00'),
(44, 50, 6, '양주 장흥자연휴양림 바비큐 준비', '장흥자연휴양림에서 즐길 바비큐 파티를 위한 재료 및 도구 준비.', '2024-09-18', '2025-11-29', '2024-01-01 00:00:00', '2024-01-01 00:00:00'),
(45, 24, 6, '아산 외암마을 전통체험 알아보기', '외암민속마을에서 가능한 전통문화 체험 프로그램 확인 및 신청.', '2025-04-29', '2025-12-20', '2024-01-01 00:00:00', '2024-01-01 00:00:00'),
(46, 95, 7, '광교 아브뉴프랑 브런치 맛집', '수원 광교 아브뉴프랑에서 즐길 맛있는 브런치 레스토랑 예약.', '2025-01-17', '2025-06-16', '2024-01-01 00:00:00', '2024-01-01 00:00:00'),
(47, 19, 8, '홍천강 래프팅 안전교육 숙지', '홍천강 래프팅 체험 전 안전 수칙 및 교육 내용 미리 확인하기.', '2025-03-09', '2026-04-29', '2024-01-01 00:00:00', '2024-01-01 00:00:00'),
(48, 55, 5, '대천해수욕장 주변 즐길거리', '보령 대천해수욕장 물놀이 외 주변 관광지 및 액티비티 조사.', '2024-08-24', '2026-01-28', '2024-01-01 00:00:00', '2024-01-01 00:00:00'),
(49, 36, 8, '파주 헤이리 예술마을 추천 코스', '헤이리 예술마을 내 갤러리, 박물관, 카페 중 추천 동선 짜기.', '2025-02-17', '2026-01-10', '2024-01-01 00:00:00', '2024-01-01 00:00:00'),
(50, 70, 6, '제부도 바닷길 시간 확인 필수!', '화성 제부도 방문 전 물때표 확인하여 바닷길 통행 가능 시간 체크.', '2025-02-27', '2025-08-02', '2024-01-01 00:00:00', '2024-01-01 00:00:00'),
(51, 91, 6, '예산 수덕사 템플스테이 프로그램', '수덕사에서 진행하는 템플스테이 종류와 일정 확인 후 신청.', '2024-12-08', '2025-07-12', '2024-01-01 00:00:00', '2024-01-01 00:00:00'),
(52, 40, 5, '괴산 화양구곡 포토 스팟 찾기', '화양구곡의 아름다운 풍경을 담을 수 있는 최고의 사진 촬영 장소 물색.', '2024-08-27', '2025-08-30', '2024-01-01 00:00:00', '2024-01-01 00:00:00'),
(53, 47, 6, '행주산성 정상에서 한강 조망', '고양 행주산성 정상에서 바라보는 탁 트인 한강 풍경 감상 계획.', '2024-12-11', '2025-11-30', '2024-01-01 00:00:00', '2024-01-01 00:00:00'),
(54, 89, 11, '하이원리조트 스키 장비 대여', '정선 하이원리조트 방문 시 필요한 스키/보드 장비 대여 정보 확인.', '2024-11-25', '2026-03-20', '2024-01-01 00:00:00', '2024-01-01 00:00:00'),
(55, 76, 10, '안양예술공원 도슨트 투어 신청', '작품 이해를 돕는 안양예술공원 도슨트 프로그램 참여 알아보기.', '2024-12-25', '2025-08-06', '2024-01-01 00:00:00', '2024-01-01 00:00:00'),
(56, 86, 11, '양주 나리공원 주변 카페 탐방', '나리공원 방문 후 들를 만한 분위기 좋은 인근 카페 리스트업.', '2025-03-29', '2025-10-03', '2024-01-01 00:00:00', '2024-01-01 00:00:00'),
(57, 11, 10, '인제 자작나무숲 트레킹 코스', '자작나무숲의 다양한 트레킹 코스 중 난이도와 소요시간 고려하여 선택.', '2024-09-23', '2025-11-15', '2024-01-01 00:00:00', '2024-01-01 00:00:00'),
(58, 23, 10, '양양 서핑 스쿨 비교 및 선택', '양양의 여러 서핑 스쿨 중 강습 내용과 가격 비교 후 예약.', '2024-12-10', '2025-08-22', '2024-01-01 00:00:00', '2024-01-01 00:00:00'),
(59, 5, 7, '아산 역사유적지 탐방 순서 정하기', '아산시 내 주요 역사 유적지(현충사, 외암마을 등) 효율적 방문 순서 계획.', '2024-07-01', '2025-07-16', '2024-01-01 00:00:00', '2024-01-01 00:00:00'),
(60, 76, 4, '안양예술공원 피크닉 준비물', '예술공원 잔디밭에서 즐길 피크닉을 위한 도시락, 돗자리 등 준비.', '2024-06-14', '2025-12-02', '2024-01-01 00:00:00', '2024-01-01 00:00:00'),
(61, 56, 10, '삼척 해양레일바이크 예약 필수!', '인기 많은 삼척 해양레일바이크 원하는 시간대 탑승 위한 사전 예약.', '2025-02-20', '2026-03-04', '2024-01-01 00:00:00', '2024-01-01 00:00:00'),
(62, 44, 4, '대관령 양떼목장 먹이주기 체험', '평창 대관령 양떼목장에서 양들에게 직접 건초를 주는 체험 시간 확인.', '2024-12-30', '2025-09-18', '2024-01-01 00:00:00', '2024-01-01 00:00:00'),
(63, 85, 7, '광교호수공원 자전거 대여 알아보기', '수원 광교호수공원 내 자전거 대여소 위치 및 이용 방법 확인.', '2024-10-06', '2025-12-04', '2024-01-01 00:00:00', '2024-01-01 00:00:00'),
(64, 19, 8, '홍천강 래프팅 후 바비큐 파티', '래프팅으로 허기진 배를 채울 바비큐 장소 예약 및 준비물 체크.', '2025-01-28', '2025-10-24', '2024-01-01 00:00:00', '2024-01-01 00:00:00'),
(65, 81, 8, '영동 와인터널 시음 프로그램 참여', '영동 와인터널에서 제공하는 다양한 와인 시음 프로그램 정보 확인.', '2024-10-01', '2025-06-02', '2024-01-01 00:00:00', '2024-01-01 00:00:00'),
(66, 89, 6, '하이원리조트 눈썰매장 이용 계획', '스키 외에 즐길 수 있는 하이원리조트 눈썰매장 운영 시간 확인.', '2025-04-30', '2025-12-09', '2024-01-01 00:00:00', '2024-01-01 00:00:00'),
(67, 86, 10, '양주 나리공원 포토존 베스트 스팟', '나리공원에서 가장 예쁜 사진을 남길 수 있는 포토존 미리 탐색하기.', '2025-01-22', '2025-09-22', '2024-01-01 00:00:00', '2024-01-01 00:00:00'),
(68, 7, 9, '정선 레일바이크 주변 관광지', '정선 레일바이크 탑승 전후로 방문할 만한 인근 관광 명소 찾아보기.', '2025-03-15', '2026-05-07', '2024-01-01 00:00:00', '2024-01-01 00:00:00'),
(69, 73, 11, '병목안시민공원 산책로 따라 걷기', '안양 병목안시민공원의 다양한 산책 코스 중 마음에 드는 길 선택.', '2025-01-21', '2025-11-13', '2024-01-01 00:00:00', '2024-01-01 00:00:00'),
(70, 51, 10, '시화호 갈대습지공원 철새 관찰', '안산 시화호 갈대습지공원에서 볼 수 있는 철새 종류 및 관찰 시기 확인.', '2024-08-26', '2026-05-08', '2024-01-01 00:00:00', '2024-01-01 00:00:00'),
(71, 26, 5, '금산 인삼시장 품질 좋은 인삼 고르기', '금산 인삼시장에서 좋은 인삼을 구별하는 방법 미리 알아두기.', '2024-09-06', '2026-02-15', '2024-01-01 00:00:00', '2024-01-01 00:00:00'),
(72, 40, 10, '화양구곡 주변 캠핑장 정보', '괴산 화양구곡 근처 캠핑장 시설 및 예약 현황 확인.', '2024-08-08', '2025-11-04', '2024-01-01 00:00:00', '2024-01-01 00:00:00'),
(73, 100, 4, '연천 전곡리 유적 체험 프로그램', '전곡리 선사 유적지에서 운영하는 체험 프로그램 참여 계획.', '2024-07-08', '2026-02-14', '2024-01-01 00:00:00', '2024-01-01 00:00:00'),
(74, 45, 7, '군포 철쭉동산 개화시기 확인', '철쭉 만개 시기에 맞춰 군포 철쭉동산 방문 일정 조정.', '2025-04-18', '2025-08-05', '2024-01-01 00:00:00', '2024-01-01 00:00:00'),
(75, 20, 4, '괴산 산막이옛길 난이도별 코스', '체력 수준에 맞는 산막이옛길 트레킹 코스 선택 및 소요 시간 예측.', '2025-04-08', '2025-11-06', '2024-01-01 00:00:00', '2024-01-01 00:00:00'),
(76, 100, 6, '연천 전곡리 주변 맛집 탐색', '전곡리 유적지 방문 후 들를 만한 연천 지역 맛집 찾아보기.', '2024-12-04', '2025-08-22', '2024-01-01 00:00:00', '2024-01-01 00:00:00'),
(77, 21, 4, '용인 한국민속촌 공연 시간표 확인', '한국민속촌에서 진행되는 다양한 전통 공연 관람 계획 세우기.', '2024-11-29', '2025-11-06', '2024-01-01 00:00:00', '2024-01-01 00:00:00'),
(78, 67, 4, '탄천 자전거 대여소 위치 파악', '성남 탄천 자전거길 라이딩을 위한 자전거 대여소 정보 확인.', '2024-10-27', '2025-06-21', '2024-01-01 00:00:00', '2024-01-01 00:00:00'),
(79, 23, 8, '양양 서핑 후 저녁 메뉴는 해산물!', '양양 서핑 후 싱싱한 해산물을 맛볼 수 있는 맛집 탐색.', '2025-04-26', '2026-03-15', '2024-01-01 00:00:00', '2024-01-01 00:00:00'),
(80, 9, 4, '의왕 호수공원 레일바이크 체험', '의왕 왕송호수공원 레일바이크 예약 및 주변 볼거리 확인.', '2024-11-28', '2025-10-27', '2024-01-01 00:00:00', '2024-01-01 00:00:00'),
(81, 52, 11, '백남준아트센터 특별전 관람', '용인 백남준아트센터에서 진행 중인 특별 전시 정보 확인 및 예매.', '2025-04-08', '2025-07-02', '2024-01-01 00:00:00', '2024-01-01 00:00:00'),
(82, 85, 4, '광교호수공원 피크닉 장소 선정', '수원 광교호수공원 내 피크닉하기 좋은 최적의 장소 물색.', '2024-05-28', '2025-10-12', '2024-01-01 00:00:00', '2024-01-01 00:00:00'),
(83, 1, 7, '원주 힐링 여행 코스 짜기', '원주시의 자연 명소와 조용한 카페를 엮은 1박 2일 힐링 코스.', '2024-12-14', '2026-04-18', '2024-01-01 00:00:00', '2024-01-01 00:00:00'),
(84, 48, 6, '용인 처인구 농촌체험 농장 선택', '다양한 농장 중 아이들과 함께 하기 좋은 체험 프로그램이 있는 곳 선정.', '2025-03-28', '2025-11-28', '2024-01-01 00:00:00', '2024-01-01 00:00:00'),
(85, 3, 4, '정선 자연휴양림 숙소 예약', '정선군 내 자연휴양림 중 시설 좋고 평점 높은 곳으로 숙소 예약.', '2025-04-03', '2026-02-10', '2024-01-01 00:00:00', '2024-01-01 00:00:00'),
(86, 77, 6, '화성 궁평항 낙조 감상 포인트', '궁평항에서 가장 아름다운 낙조를 볼 수 있는 최적의 장소 찾기.', '2025-05-22', '2025-06-21', '2024-01-01 00:00:00', '2024-01-01 00:00:00'),
(87, 7, 10, '정선 레일바이크 커플 할인 정보', '정선 레일바이크 이용 시 커플 할인 또는 이벤트 정보 확인.', '2024-06-27', '2025-11-24', '2024-01-01 00:00:00', '2024-01-01 00:00:00'),
(88, 68, 5, '인제 빙어축제 프로그램 참여', '인제 빙어축제의 다양한 프로그램(빙어낚시, 얼음썰매 등) 참여 계획.', '2024-10-14', '2025-12-28', '2024-01-01 00:00:00', '2024-01-01 00:00:00'),
(89, 62, 6, '평택 국제중앙시장 길거리 음식', '평택 국제중앙시장에서 꼭 먹어봐야 할 이색 길거리 음식 리스트.', '2024-08-11', '2026-02-03', '2024-01-01 00:00:00', '2024-01-01 00:00:00'),
(90, 83, 4, '보령 성주산 휴양림 등산 코스', '성주산자연휴양림 내 등산 코스 난이도 및 소요시간 확인.', '2025-03-07', '2025-08-14', '2024-01-01 00:00:00', '2024-01-01 00:00:00'),
(91, 38, 4, '청남대 가을 단풍 절정 시기', '청남대의 아름다운 단풍을 보기 위한 최적의 방문 시기 예측.', '2024-06-18', '2025-06-25', '2024-01-01 00:00:00', '2024-01-01 00:00:00'),
(92, 4, 5, '안양 예술공원 야간 산책', '조명이 켜진 안양 예술공원의 밤 풍경을 즐기는 산책 계획.', '2025-02-15', '2025-12-25', '2024-01-01 00:00:00', '2024-01-01 00:00:00'),
(93, 2, 4, '청주 상당산성 역사 트레킹', '상당산성을 따라 걸으며 역사 이야기도 듣는 트레킹 프로그램 참여.', '2024-12-28', '2026-02-05', '2024-01-01 00:00:00', '2024-01-01 00:00:00'),
(94, 9, 6, '의왕 호수공원 음악분수 시간', '왕송호수공원 음악분수 공연 시간 확인 후 방문 일정 조정.', '2024-06-13', '2025-06-16', '2024-01-01 00:00:00', '2024-01-01 00:00:00'),
(95, 77, 5, '화성 궁평항 갯벌체험 준비물', '궁평항 갯벌체험 시 필요한 장화, 호미 등 준비물 체크.', '2025-01-05', '2025-06-10', '2024-01-01 00:00:00', '2024-01-01 00:00:00'),
(96, 11, 11, '인제 자작나무숲 겨울 풍경', '겨울철 눈 덮인 인제 자작나무숲의 환상적인 풍경 감상 계획.', '2024-06-22', '2025-08-05', '2024-01-01 00:00:00', '2024-01-01 00:00:00'),
(97, 52, 6, '백남준아트센터 주변 식당', '용인 백남준아트센터 관람 후 식사할 만한 근처 맛집 검색.', '2025-03-29', '2026-01-21', '2024-01-01 00:00:00', '2024-01-01 00:00:00'),
(98, 36, 11, '파주 헤이리 북카페에서 휴식', '헤이리 예술마을 내 분위기 좋은 북카페에서 책 읽으며 쉬기.', '2024-08-30', '2026-04-04', '2024-01-01 00:00:00', '2024-01-01 00:00:00'),
(99, 54, 9, '평택호 유람선 탑승 시간 확인', '평택호 관광단지 유람선 운행 시간표 및 요금 확인.', '2024-07-02', '2025-07-06', '2024-01-01 00:00:00', '2024-01-01 00:00:00'),
(100, 78, 6, '수원 통닭거리 포장해서 공원가기', '수원 통닭거리에서 맛있는 통닭 포장 후 인근 공원에서 즐기기.', '2025-01-02', '2026-01-07', '2024-01-01 00:00:00', '2024-01-01 00:00:00');

-- comments 테이블 데이터 (updated_at 추가, 한국어화)
INSERT INTO comments (cno, bno, mno, content, created_at, updated_at) VALUES
(1, 97, 10, '정말 유용한 정보 감사합니다! 다음 여행에 꼭 참고할게요.', '2025-02-01 06:52:38', '2025-02-01 06:52:38'),
(2, 89, 5, '와, 이런 숨은 명소가 있었다니! 당장 가보고 싶네요.', '2025-02-17 02:43:06', '2025-02-17 02:43:06'),
(3, 82, 9, '사진만 봐도 힐링 되는 기분이에요. 멋진 곳이네요!', '2025-05-03 16:21:04', '2025-05-03 16:21:04'),
(4, 50, 7, '저도 여기 가봤는데 정말 좋았어요. 강력 추천합니다!', '2025-05-25 17:53:50', '2025-05-25 17:53:50'),
(5, 19, 10, '여행 계획 세울 때 많은 도움이 될 것 같아요. 감사합니다.', '2025-03-07 17:22:26', '2025-03-07 17:22:26'),
(6, 32, 6, '분위기가 정말 좋아 보이네요. 꼭 한번 방문해보고 싶습니다.', '2025-04-22 13:29:29', '2025-04-22 13:29:29'),
(7, 30, 11, '이런 꿀팁을 공유해주시다니! 정말 최고예요.', '2025-03-26 04:29:32', '2025-03-26 04:29:32'),
(8, 95, 11, '생각지도 못한 멋진 곳이네요. 정보 감사합니다.', '2025-02-21 01:05:39', '2025-02-21 01:05:39'),
(9, 32, 9, '사진 속 풍경이 정말 그림 같아요. 아름답습니다.', '2025-04-02 06:27:43', '2025-04-02 06:27:43'),
(10, 19, 8, '덕분에 좋은 정보 얻어갑니다. 여행이 기대되네요!', '2025-01-10 22:40:55', '2025-01-10 22:40:55'),
(11, 73, 6, '정성스러운 후기 잘 봤습니다. 참고해서 계획 세워볼게요.', '2025-02-23 11:49:41', '2025-02-23 11:49:41'),
(12, 42, 11, '이런 곳이 있었다니, 놀랍네요! 꼭 가봐야겠어요.', '2025-05-01 04:23:16', '2025-05-01 04:23:16'),
(13, 50, 8, '분위기가 정말 독특하고 매력적이네요. 마음에 들어요.', '2025-03-12 02:38:51', '2025-03-12 02:38:51'),
(14, 67, 10, '겨울 여행지로 딱 좋은 곳 같아요. 설경이 기대됩니다.', '2025-02-15 16:07:37', '2025-02-15 16:07:37'),
(15, 87, 10, '조용히 산책하기 좋은 곳이네요. 힐링될 것 같아요.', '2025-05-01 06:11:44', '2025-05-01 06:11:44'),
(16, 37, 8, '가족 여행으로 정말 좋을 것 같아요. 아이들이 좋아하겠네요.', '2025-03-10 08:30:00', '2025-03-10 08:30:00'),
(17, 42, 11, '자세한 설명과 사진 감사합니다. 많은 도움이 됐어요.', '2025-04-12 18:36:24', '2025-04-12 18:36:24'),
(18, 68, 11, '이런 액티비티도 있었군요! 도전해보고 싶네요.', '2025-05-25 12:00:55', '2025-05-25 12:00:55'),
(19, 85, 11, '정말 아름다운 곳이네요. 사진 잘 봤습니다.', '2025-04-10 15:25:13', '2025-04-10 15:25:13'),
(20, 84, 4, '플리마켓 구경하는 재미가 쏠쏠하겠어요. 가보고 싶네요.', '2025-02-26 01:00:58', '2025-02-26 01:00:58'),
(21, 2, 4, '여행 후기 공유 감사합니다. 저도 비슷한 경험이 있어요!', '2025-01-14 10:05:01', '2025-01-14 10:05:01'),
(22, 31, 5, '체크리스트 덕분에 꼼꼼하게 준비할 수 있겠어요. 고맙습니다.', '2025-05-02 22:56:16', '2025-05-02 22:56:16'),
(23, 32, 5, '사진만 봐도 군침이 도네요. 맛집 정보 감사합니다!', '2025-03-27 16:49:18', '2025-03-27 16:49:18'),
(24, 70, 7, '패러글라이딩이라니! 정말 짜릿할 것 같아요. 멋집니다.', '2025-01-16 07:52:33', '2025-01-16 07:52:33'),
(25, 94, 10, '보드게임 카페, 친구들과 가면 정말 재밌겠어요!', '2025-04-16 10:17:28', '2025-04-16 10:17:28'),
(26, 54, 4, '전통시장 구경은 언제나 즐거운 것 같아요. 활기 넘치네요.', '2025-02-04 01:38:45', '2025-02-04 01:38:45'),
(27, 28, 7, '봄꽃 명소 정보 감사합니다. 벚꽃 보러 가야겠어요.', '2025-04-26 07:44:41', '2025-04-26 07:44:41'),
(28, 10, 11, '소소하지만 확실한 행복, 공감합니다! 멋진 글이네요.', '2025-04-28 23:21:43', '2025-04-28 23:21:43'),
(29, 7, 5, '아름다운 풍경 사진 잘 봤습니다. 마음이 정화되는 기분이에요.', '2025-02-11 06:43:11', '2025-02-11 06:43:11'),
(30, 3, 9, '일상 속 작은 행복을 찾는 여정, 응원합니다!', '2025-04-02 10:12:40', '2025-04-02 10:12:40'),
(31, 16, 10, '여행의 즐거움을 함께 나눌 수 있어서 좋네요. 감사합니다.', '2025-02-27 10:13:25', '2025-02-27 10:13:25'),
(32, 99, 9, '이색 체험 정보 감사합니다. 특별한 경험이 될 것 같아요.', '2025-02-18 12:23:18', '2025-02-18 12:23:18'),
(33, 9, 5, '나를 찾아 떠나는 여행, 정말 멋진 생각이에요!', '2025-01-11 20:49:34', '2025-01-11 20:49:34'),
(34, 77, 5, '어촌 체험 마을, 아이들과 함께 가면 정말 좋겠네요.', '2025-05-02 21:56:30', '2025-05-02 21:56:30'),
(35, 64, 5, '쇼핑하기 좋은 곳 정보 감사합니다. 지갑이 얇아지겠어요!', '2025-02-12 09:13:37', '2025-02-12 09:13:37'),
(36, 55, 6, '박물관 투어, 유익한 시간이 될 것 같네요. 좋은 정보예요.', '2025-01-27 10:32:36', '2025-01-27 10:32:36'),
(37, 85, 10, '도서관에서 책 읽는 시간, 정말 소중하죠. 공감합니다.', '2025-02-17 02:29:07', '2025-02-17 02:29:07'),
(38, 89, 4, '천문대에서 별 관측이라니, 정말 로맨틱하네요!', '2025-05-06 07:54:50', '2025-05-06 07:54:50'),
(39, 92, 7, '워터파크, 여름에 가면 정말 시원하고 재밌을 것 같아요.', '2025-03-05 15:54:39', '2025-03-05 15:54:39'),
(40, 43, 4, '반려견 동반 가능 여행지 정보, 정말 유용하네요! 감사합니다.', '2025-04-13 16:57:08', '2025-04-13 16:57:08'),
(41, 15, 8, '잊을 수 없는 풍경들, 사진으로나마 함께 느껴봅니다.', '2025-05-03 14:55:52', '2025-05-03 14:55:52'),
(42, 97, 8, 'VR 체험, 정말 신기하고 재밌을 것 같아요. 도전해보고 싶네요.', '2025-01-01 12:16:45', '2025-01-01 12:16:45'),
(43, 68, 10, '골프 여행, 생각만 해도 설레네요. 멋진 계획입니다.', '2025-04-03 21:05:40', '2025-04-03 21:05:40'),
(44, 51, 5, '일출 명소 정보 감사합니다. 새해에 꼭 가봐야겠어요.', '2025-04-17 14:03:03', '2025-04-17 14:03:03'),
(45, 11, 11, '함께 공유하는 여행 팁, 정말 도움이 많이 됩니다.', '2025-05-13 08:46:13', '2025-05-13 08:46:13'),
(46, 73, 8, '와이너리 투어, 와인 좋아하시는 분들께 최고의 여행이겠네요.', '2025-05-02 14:45:22', '2025-05-02 14:45:22'),
(47, 95, 10, '만화 카페, 하루 종일 있어도 질리지 않을 것 같아요.', '2025-04-23 10:03:20', '2025-04-23 10:03:20'),
(48, 81, 4, '사진 촬영 명소, 인생샷 건지러 가야겠어요!', '2025-03-05 17:43:09', '2025-03-05 17:43:09'),
(49, 89, 7, '별 관측, 낭만적인 밤이 될 것 같네요. 좋은 정보 감사합니다.', '2025-01-19 19:40:54', '2025-01-19 19:40:54'),
(50, 94, 5, '방탈출 카페, 친구들과 머리 쓰며 놀기 좋겠어요.', '2025-01-26 20:52:19', '2025-01-26 20:52:19'),
(51, 13, 4, '여행지에서의 특별한 만남, 정말 소중한 추억이 될 것 같아요.', '2025-05-26 20:11:21', '2025-05-26 20:11:21'),
(52, 61, 7, '식도락 여행, 맛있는 음식은 여행의 큰 즐거움이죠!', '2025-05-20 22:10:05', '2025-05-20 22:10:05'),
(53, 80, 7, '플라워 클래스, 예쁜 꽃꽂이 배우면 기분 전환될 것 같아요.', '2025-05-23 05:06:25', '2025-05-23 05:06:25'),
(54, 70, 8, '패러글라이딩, 하늘을 나는 기분은 어떨까요? 상상만 해도 짜릿!', '2025-05-05 09:21:39', '2025-05-05 09:21:39'),
(55, 64, 7, '쇼핑 여행, 스트레스 해소에 최고죠! 좋은 정보 감사합니다.', '2025-03-26 08:39:49', '2025-03-26 08:39:49'),
(56, 59, 4, '섬 여행, 조용하고 평화로운 시간을 보낼 수 있겠네요.', '2025-02-14 11:14:55', '2025-02-14 11:14:55'),
(57, 34, 7, '액티비티 즐기기 좋은 곳, 스트레스 확 풀리겠어요!', '2025-01-28 09:06:51', '2025-01-28 09:06:51'),
(58, 68, 9, '골프 여행, 푸른 잔디 위에서 샷 날리는 기분! 최고일 듯.', '2025-01-23 07:13:17', '2025-01-23 07:13:17'),
(59, 63, 9, '도심 속 공원, 잠시 쉬어가기 좋은 쉼터네요.', '2025-03-26 15:28:26', '2025-03-26 15:28:26'),
(60, 78, 9, '공예 체험, 나만의 작품을 만드는 즐거움이 있겠어요.', '2025-05-19 22:06:11', '2025-05-19 22:06:11'),
(61, 66, 8, '온천 여행, 따뜻한 물에 몸 담그고 피로 풀고 싶네요.', '2025-02-09 00:43:27', '2025-02-09 00:43:27'),
(62, 21, 8, '특별한 날, 특별한 여행 계획! 정말 멋지네요.', '2025-04-05 11:34:02', '2025-04-05 11:34:02'),
(63, 34, 7, '여행 중 예상치 못한 선물, 정말 기분 좋을 것 같아요!', '2025-04-17 08:36:30', '2025-04-17 08:36:30'),
(64, 90, 4, '해수욕장 물놀이, 여름엔 역시 바다죠! 시원하겠어요.', '2025-01-28 11:57:02', '2025-01-28 11:57:02'),
(65, 23, 11, '함께 만드는 즐거운 추억, 여행만큼 좋은 게 없죠.', '2025-03-02 03:00:39', '2025-03-02 03:00:39'),
(66, 35, 5, '조용히 쉬기 좋은 여행지, 혼자만의 시간이 필요할 때 딱이네요.', '2025-02-11 01:45:04', '2025-02-11 01:45:04'),
(67, 89, 9, '별 관측, 밤하늘의 아름다움을 느껴보고 싶어요.', '2025-04-16 14:47:26', '2025-04-16 14:47:26'),
(68, 43, 8, '반려견과 함께하는 여행, 정말 행복할 것 같아요!', '2025-01-04 04:50:18', '2025-01-04 04:50:18'),
(69, 97, 9, 'VR 체험, 가상현실의 세계로 떠나고 싶네요!', '2025-04-11 02:32:32', '2025-04-11 02:32:32'),
(70, 87, 9, '수목원 산책, 푸른 나무들 사이에서 힐링하고 싶어요.', '2025-03-14 02:49:57', '2025-03-14 02:49:57'),
(71, 27, 4, '겨울 감성 여행지, 눈 내리는 풍경이 정말 아름다울 것 같아요.', '2025-03-13 09:21:35', '2025-03-13 09:21:35'),
(72, 35, 11, '자유로운 의견 표현, 중요하죠! 건설적인 대화 응원합니다.', '2025-02-20 11:21:23', '2025-02-20 11:21:23'),
(73, 48, 11, '등산하기 좋은 산, 정상에서의 성취감이 기대되네요.', '2025-01-16 12:34:18', '2025-01-16 12:34:18'),
(74, 9, 10, '나만의 여행 버킷리스트, 하나씩 이뤄가는 재미가 있겠어요.', '2025-01-20 10:14:48', '2025-01-20 10:14:48'),
(75, 4, 7, '잊지 못할 추억 만들기, 여행은 언제나 설레는 일이죠.', '2025-01-05 09:31:16', '2025-01-05 09:31:16'),
(76, 18, 7, '주변 사람들과의 소통, 정말 중요한 것 같아요.', '2025-01-03 19:45:34', '2025-01-03 19:45:34'),
(77, 79, 6, '요리 클래스, 새로운 요리 배우는 즐거움이 있겠네요.', '2025-03-22 12:20:26', '2025-03-22 12:20:26'),
(78, 88, 7, '동물원 방문, 귀여운 동물들 보면 힐링될 것 같아요.', '2025-02-10 08:57:50', '2025-02-10 08:57:50'),
(79, 67, 9, '스키/스노보드, 겨울 스포츠의 꽃이죠! 신나겠어요.', '2025-04-01 13:02:03', '2025-04-01 13:02:03'),
(80, 35, 8, '조용한 휴식, 가끔은 아무것도 안 하고 쉬고 싶을 때가 있죠.', '2025-05-23 17:01:04', '2025-05-23 17:01:04'),
(81, 48, 10, '등산 후 먹는 막걸리와 파전! 상상만 해도 최고네요.', '2025-05-19 23:19:34', '2025-05-19 23:19:34'),
(82, 37, 5, '여행의 설렘, 출발 전부터 두근두근하죠!', '2025-02-20 09:12:07', '2025-02-20 09:12:07'),
(83, 14, 8, '나만 알고 싶은 숨은 명소, 공유해주셔서 감사합니다!', '2025-05-23 17:40:40', '2025-05-23 17:40:40'),
(84, 54, 9, '전통 시장, 활기찬 분위기와 맛있는 먹거리가 가득하죠.', '2025-01-01 01:34:35', '2025-01-01 01:34:35'),
(85, 24, 4, '여행지 추천 감사합니다! 다음 휴가 때 참고할게요.', '2025-04-13 23:57:20', '2025-04-13 23:57:20'),
(86, 91, 6, '계곡물에 발 담그고 수박 먹으면, 여름 더위 싹 가실 듯!', '2025-04-10 12:34:13', '2025-04-10 12:34:13'),
(87, 59, 11, '섬 여행, 배 타고 들어가는 설렘이 있을 것 같아요.', '2025-05-12 13:44:21', '2025-05-12 13:44:21'),
(88, 11, 11, '여행 팁 공유, 정말 유용하게 잘 쓰고 있습니다. 감사해요!', '2025-05-17 09:19:52', '2025-05-17 09:19:52'),
(89, 69, 9, '서핑, 파도 타는 모습이 정말 멋있을 것 같아요. 도전!', '2025-03-18 01:19:08', '2025-03-18 01:19:08'),
(90, 91, 11, '새로운 도전, 응원합니다! 멋진 경험이 되길 바래요.', '2025-01-29 11:34:48', '2025-01-29 11:34:48'),
(91, 85, 11, '도서관에서의 조용한 시간, 책과 함께하는 힐링이네요.', '2025-03-11 10:56:01', '2025-03-11 10:56:01'),
(92, 58, 5, '자연휴양림, 맑은 공기 마시며 재충전하기 좋겠어요.', '2025-05-24 12:30:14', '2025-05-24 12:30:14'),
(93, 80, 8, '플라워 클래스, 직접 만든 꽃다발 선물하면 정말 좋겠네요.', '2025-04-03 05:01:22', '2025-04-03 05:01:22'),
(94, 24, 7, '추천해주신 여행지, 꼭 한번 가보고 싶네요. 감사합니다.', '2025-03-14 05:40:43', '2025-03-14 05:40:43'),
(95, 34, 11, '액티비티 정보, 짜릿한 경험을 좋아하는 저에게 딱이에요!', '2025-01-09 01:31:16', '2025-01-09 01:31:16'),
(96, 86, 11, '전망대에서 보는 풍경, 가슴이 뻥 뚫릴 것 같아요.', '2025-04-18 14:37:54', '2025-04-18 14:37:54'),
(97, 25, 10, '주말여행 계획, 어디로 떠나야 할지 고민이었는데 참고할게요.', '2025-04-16 22:49:01', '2025-04-16 22:49:01'),
(98, 85, 5, '자신을 사랑하는 마음, 정말 중요한 것 같아요. 좋은 글 감사합니다.', '2025-04-29 22:10:36', '2025-04-29 22:10:36'),
(99, 91, 6, '계곡에서 발 담그기, 여름 최고의 피서법이죠!', '2025-02-26 05:48:58', '2025-02-26 05:48:58'),
(100, 76, 11, '농촌 체험 마을, 아이들에게 좋은 경험이 될 것 같아요.', '2025-03-07 23:52:47', '2025-03-07 23:52:47'),
(101, 5, 4, '이런 멋진 곳을 소개해 주셔서 감사합니다! 당장 떠나고 싶네요.', '2025-01-15 10:20:30', '2025-01-15 10:20:30'),
(102, 22, 7, '사진 속 풍경이 정말 예술이네요. 실제로 보면 얼마나 더 멋질까요?', '2025-02-03 11:45:10', '2025-02-03 11:45:10'),
(103, 88, 10, '동물원, 아이들이 정말 좋아할 것 같아요. 유용한 정보 감사합니다!', '2025-03-10 14:05:00', '2025-03-10 14:05:00'),
(104, 1, 6, '첫 게시글부터 너무 멋진데요? 앞으로의 여행기도 기대됩니다!', '2025-04-01 09:15:20', '2025-04-01 09:15:20'),
(105, 70, 9, '패러글라이딩이라니, 생각만 해도 짜릿하네요! 용기가 대단하십니다.', '2025-05-12 16:50:45', '2025-05-12 16:50:45'),
(106, 33, 5, '여행 중 만난 인연 이야기, 정말 감동적이에요. 저도 그런 경험 해보고 싶네요.', '2025-01-20 18:30:15', '2025-01-20 18:30:15'),
(107, 95, 11, '만화 카페에서 하루 종일 뒹굴고 싶어지는 글이네요. 좋은 곳 추천 감사합니다.', '2025-02-18 08:55:55', '2025-02-18 08:55:55'),
(108, 47, 8, '캠핑장의 밤하늘, 별이 정말 쏟아질 것 같아요. 낭만적이네요.', '2025-03-25 22:10:00', '2025-03-25 22:10:00'),
(109, 12, 4, '다시 가고 싶은 그곳, 저에게도 그런 장소가 있어요. 공감됩니다!', '2025-04-10 13:25:30', '2025-04-10 13:25:30'),
(110, 61, 7, '맛집 정보 감사합니다! 사진 보니 배고파지네요. 꼭 가봐야겠어요.', '2025-05-20 19:00:05', '2025-05-20 19:00:05'),
(111, 2, 10, '함께 떠나는 즐거운 여정, 제목부터 설레네요! 잘 읽었습니다.', '2025-01-05 09:30:00', '2025-01-05 09:30:00'),
(112, 50, 6, '별 보기 좋은 명당, 저도 별 보는 거 참 좋아하는데 참고할게요!', '2025-02-11 23:15:00', '2025-02-11 23:15:00'),
(113, 78, 9, '공예 체험, 직접 만들어보는 재미가 쏠쏠할 것 같아요. 아이디어 좋네요.', '2025-03-18 11:05:10', '2025-03-18 11:05:10'),
(114, 15, 5, '잊을 수 없는 풍경이라니, 얼마나 아름다웠을지 상상만 해도 좋네요.', '2025-04-22 15:40:20', '2025-04-22 15:40:20'),
(115, 99, 8, '이색 체험 정보, 정말 독특하고 재미있어 보여요! 도전해보고 싶네요.', '2025-05-28 10:50:30', '2025-05-28 10:50:30'),
(116, 39, 11, '가족 여행 추천 장소, 다음 가족 여행 때 꼭 참고하겠습니다. 감사합니다!', '2025-01-12 12:12:12', '2025-01-12 12:12:12'),
(117, 66, 4, '온천 여행으로 피로 풀기, 정말 최고의 휴식일 것 같아요.', '2025-02-20 17:35:40', '2025-02-20 17:35:40'),
(118, 82, 7, '드라마 촬영지 방문, 좋아하는 드라마 속 장소를 직접 가보는 건 정말 특별한 경험이죠.', '2025-03-01 09:50:50', '2025-03-01 09:50:50'),
(119, 27, 10, '겨울 감성 여행지, 사진만 봐도 따뜻한 느낌이 드네요. 가보고 싶어요.', '2025-04-18 20:20:20', '2025-04-18 20:20:20'),
(120, 53, 6, '야경이 멋진 도시, 밤에 보는 풍경은 또 다른 매력이 있죠. 멋집니다!', '2025-05-09 21:40:00', '2025-05-09 21:40:00'),
(121, 8, 9, '함께라서 더 즐거운 순간, 여행은 역시 좋은 사람과 함께해야죠!', '2025-01-28 16:10:35', '2025-01-28 16:10:35'),
(122, 44, 5, '아이와 함께 가기 좋은 곳, 유용한 정보네요. 감사합니다.', '2025-02-07 10:00:00', '2025-02-07 10:00:00'),
(123, 75, 11, '템플스테이 체험, 조용히 자신을 돌아보는 시간을 가질 수 있겠어요.', '2025-03-11 13:33:33', '2025-03-11 13:33:33'),
(124, 100, 8, '나만의 특별한 경험 만들기, 정말 멋진 목표네요! 응원합니다.', '2025-04-05 17:55:10', '2025-04-05 17:55:10'),
(125, 30, 4, '국내 여행지 베스트, 다 가보고 싶은 곳들이네요. 리스트 저장합니다!', '2025-05-16 11:20:40', '2025-05-16 11:20:40'),
(126, 58, 7, '자연휴양림에서 힐링하기, 복잡한 도시에서 벗어나고 싶을 때 최고죠.', '2025-01-02 08:40:50', '2025-01-02 08:40:50'),
(127, 91, 10, '계곡에서 시원하게 발 담그기, 여름 더위 싹 날아갈 것 같아요!', '2025-02-25 14:55:00', '2025-02-25 14:55:00'),
(128, 19, 6, '가성비 좋은 여행 정보, 정말 꿀팁이네요! 감사합니다.', '2025-03-07 19:10:15', '2025-03-07 19:10:15'),
(129, 69, 9, '서핑 명소, 파도 타는 모습 상상만 해도 시원합니다!', '2025-04-14 07:30:25', '2025-04-14 07:30:25'),
(130, 4, 5, '잊지 못할 추억 만들기, 여행은 역시 추억을 먹고 사는 거죠!', '2025-05-03 16:25:50', '2025-05-03 16:25:50'),
(131, 35, 8, '조용히 쉬기 좋은 여행지, 혼자만의 시간이 필요할 때 딱이겠어요.', '2025-01-24 21:50:00', '2025-01-24 21:50:00'),
(132, 80, 11, '플라워 클래스, 예쁜 꽃으로 힐링하는 시간 너무 좋겠어요.', '2025-02-09 10:10:10', '2025-02-09 10:10:10'),
(133, 55, 4, '박물관/미술관 투어, 교양 쌓는 유익한 시간이 될 것 같네요.', '2025-03-29 15:00:00', '2025-03-29 15:00:00'),
(134, 10, 7, '소소하지만 확실한 행복, 공감 백배입니다! 좋은 글 감사해요.', '2025-04-03 18:45:30', '2025-04-03 18:45:30'),
(135, 72, 6, '요트 투어라니, 정말 럭셔리한 경험이겠네요! 부럽습니다.', '2025-05-19 12:05:45', '2025-05-19 12:05:45'),
(136, 25, 9, '주말여행 어디로 갈지 고민이었는데, 좋은 아이디어 얻어갑니다!', '2025-01-08 09:00:00', '2025-01-08 09:00:00'),
(137, 90, 5, '해수욕장에서 물놀이, 여름하면 역시 바다죠! 시원해 보여요.', '2025-02-14 16:30:00', '2025-02-14 16:30:00'),
(138, 40, 8, '커플 여행, 로맨틱한 분위기가 물씬 풍기네요. 예쁩니다!', '2025-03-21 20:00:50', '2025-03-21 20:00:50'),
(139, 64, 11, '쇼핑하기 좋은 여행지, 지름신 강림할 것 같아요! 조심해야겠네요.', '2025-04-28 14:15:10', '2025-04-28 14:15:10'),
(140, 17, 4, '함께 떠나고 싶은 여행지, 저도 친구랑 꼭 가보고 싶어요!', '2025-05-07 10:40:30', '2025-05-07 10:40:30'),
(141, 52, 7, '일몰이 아름다운 장소, 해질녘 풍경은 언제 봐도 감동이죠.', '2025-01-17 17:50:00', '2025-01-17 17:50:00'),
(142, 87, 10, '수목원 산책, 푸릇푸릇한 식물들 보며 힐링 제대로 할 수 있겠어요.', '2025-02-05 11:00:20', '2025-02-05 11:00:20'),
(143, 3, 6, '일상 속 작은 행복 찾기, 저도 노력해야겠어요. 좋은 글귀네요.', '2025-03-14 08:20:40', '2025-03-14 08:20:40'),
(144, 60, 9, '기차 여행의 낭만, 창밖 풍경 보며 생각에 잠기고 싶네요.', '2025-04-09 15:55:50', '2025-04-09 15:55:50'),
(145, 96, 5, '방탈출 카페, 두뇌 풀가동해서 꼭 탈출 성공하고 싶어요!', '2025-05-24 13:40:00', '2025-05-24 13:40:00'),
(146, 20, 8, '힐링이 필요할 때 떠나는 곳, 저에게도 그런 아지트가 있었으면 좋겠어요.', '2025-01-31 22:30:10', '2025-01-31 22:30:10'),
(147, 77, 11, '어촌 체험 마을, 신선한 해산물도 맛보고 특별한 체험도 하고! 일석이조네요.', '2025-02-16 09:10:30', '2025-02-16 09:10:30'),
(148, 49, 4, '낚시하기 좋은 포인트, 손맛 제대로 느낄 수 있겠는데요?', '2025-03-03 17:20:50', '2025-03-03 17:20:50'),
(149, 85, 7, '도서관에서 책 읽기, 조용히 집중할 수 있는 최고의 장소죠.', '2025-04-20 12:50:00', '2025-04-20 12:50:00'),
(150, 14, 10, '나만 알고 싶은 숨은 명소, 공유해주셔서 너무 감사합니다!', '2025-05-01 10:05:15', '2025-05-01 10:05:15'),
(151, 63, 6, '도심 속 공원, 잠깐의 여유를 즐기기에 안성맞춤이네요.', '2025-01-10 14:25:00', '2025-01-10 14:25:00'),
(152, 98, 9, '실내 클라이밍, 전신 운동 제대로 될 것 같아요! 도전 의식 뿜뿜!', '2025-02-27 18:00:30', '2025-02-27 18:00:30'),
(153, 24, 5, '여행지 추천! 여기 어때요? 네, 정말 좋아보여요!', '2025-03-05 09:40:40', '2025-03-05 09:40:40'),
(154, 51, 8, '일출 보기 좋은 곳, 장엄한 일출 보면 소원이 이루어질 것 같아요.', '2025-04-11 05:50:55', '2025-04-11 05:50:55'),
(155, 73, 11, '와이너리 투어, 와인 한 잔 하며 분위기 내고 싶네요.', '2025-05-26 17:10:00', '2025-05-26 17:10:00'),
(156, 7, 4, '아름다운 풍경, 소중한 기억. 사진으로 잘 담아오셨네요!', '2025-01-03 11:55:20', '2025-01-03 11:55:20'),
(157, 42, 7, '혼자 여행하기 좋은 국내 명소, 저도 혼행 계획 중인데 참고할게요!', '2025-02-12 15:30:40', '2025-02-12 15:30:40'),
(158, 89, 10, '천문대에서 별 관측, 밤하늘의 신비를 느껴보고 싶어요.', '2025-03-20 23:00:00', '2025-03-20 23:00:00'),
(159, 16, 6, '여행의 즐거움을 나누다, 좋은 글과 사진 감사합니다!', '2025-04-07 08:05:10', '2025-04-07 08:05:10'),
(160, 68, 9, '골프 여행, 푸른 필드 위에서 힐링하는 기분 최고일 듯!', '2025-05-14 14:40:30', '2025-05-14 14:40:30'),
(161, 31, 5, '해외여행 준비물 체크리스트, 꼼꼼하게 잘 정리해주셨네요!', '2025-01-26 19:20:50', '2025-01-26 19:20:50'),
(162, 93, 8, '찜질방/스파에서 휴식, 뜨끈하게 몸 풀고 싶을 때 딱이죠.', '2025-02-02 12:10:00', '2025-02-02 12:10:00'),
(163, 56, 11, '테마파크에서 신나게 놀기, 스트레스 확 풀릴 것 같아요!', '2025-03-27 10:50:10', '2025-03-27 10:50:10'),
(164, 21, 4, '특별한 날, 특별한 여행. 정말 로맨틱한 계획이네요!', '2025-04-16 16:00:25', '2025-04-16 16:00:25'),
(165, 70, 7, '패러글라이딩 체험 후기, 생생하게 잘 전달해주셔서 감사합니다!', '2025-05-05 11:35:40', '2025-05-05 11:35:40'),
(166, 46, 10, '자전거 여행 코스 추천, 건강도 챙기고 풍경도 즐기고! 최고네요.', '2025-01-06 13:15:00', '2025-01-06 13:15:00'),
(167, 84, 6, '벼룩시장/플리마켓, 득템하는 재미가 쏠쏠하겠어요!', '2025-02-19 17:40:05', '2025-02-19 17:40:05'),
(168, 11, 9, '함께 공유하는 여행 팁, 다음 여행에 꼭 활용해봐야겠어요.', '2025-03-09 09:25:20', '2025-03-09 09:25:20'),
(169, 62, 5, '지역 축제 즐기기, 활기찬 분위기 속에서 함께 어울리고 싶네요.', '2025-04-24 19:50:30', '2025-04-24 19:50:30'),
(170, 97, 8, 'VR 체험관, 현실과는 또 다른 재미가 있을 것 같아요!', '2025-05-02 15:05:40', '2025-05-02 15:05:40'),
(171, 28, 11, '봄꽃 구경하기 좋은 곳, 화사한 꽃 보면 기분까지 좋아지죠.', '2025-01-22 10:30:00', '2025-01-22 10:30:00'),
(172, 59, 4, '섬 여행 떠나기, 배 타고 들어가는 것부터 설렘 가득할 듯!', '2025-02-08 07:50:10', '2025-02-08 07:50:10'),
(173, 81, 7, '사진 촬영 명소 탐방, 인생샷 남기기 도전해봐야겠어요!', '2025-03-16 14:00:20', '2025-03-16 14:00:20'),
(174, 6, 10, '자연 속에서 찾는 평온함, 글만 읽어도 마음이 편안해지네요.', '2025-04-27 21:10:35', '2025-04-27 21:10:35'),
(175, 54, 6, '전통 시장 구경하기, 맛있는 길거리 음식은 덤이죠!', '2025-05-11 11:45:50', '2025-05-11 11:45:50'),
(176, 34, 9, '액티비티 즐기기 좋은 곳, 스트레스 해소에 최고일 것 같아요!', '2025-01-18 16:55:00', '2025-01-18 16:55:00'),
(177, 79, 5, '요리 클래스 참여, 새로운 레시피 배우는 재미가 있겠어요.', '2025-02-24 10:20:10', '2025-02-24 10:20:10'),
(178, 48, 8, '등산하기 좋은 산 추천, 정상에서의 풍경이 기대됩니다!', '2025-03-04 08:00:25', '2025-03-04 08:00:25'),
(179, 92, 11, '워터파크에서 신나게 놀기, 여름엔 역시 물놀이가 최고죠!', '2025-04-13 13:05:30', '2025-04-13 13:05:30'),
(180, 23, 4, '함께 만들어요, 즐거운 추억! 여행은 역시 함께해야 제맛!', '2025-05-22 17:30:40', '2025-05-22 17:30:40'),
(181, 71, 7, '스쿠버 다이빙 명소, 신비로운 바닷속 세상 탐험하고 싶어요!', '2025-01-29 09:50:00', '2025-01-29 09:50:00'),
(182, 37, 10, '여행의 설렘을 느껴보세요, 출발 전 준비하는 과정도 즐겁죠!', '2025-02-01 20:40:15', '2025-02-01 20:40:15'),
(183, 86, 6, '전망대에서 풍경 감상, 가슴이 뻥 뚫리는 기분일 것 같아요.', '2025-03-26 15:15:20', '2025-03-26 15:15:20'),
(184, 13, 9, '여행지에서의 특별한 만남, 어떤 인연을 만나게 될지 기대되네요.', '2025-04-02 11:00:30', '2025-04-02 11:00:30'),
(185, 67, 5, '스키/스노보드 즐기기, 하얀 설원 위를 달리는 상상만 해도 신나요!', '2025-05-18 10:25:40', '2025-05-18 10:25:40'),
(186, 43, 8, '반려견 동반 가능 여행지, 댕댕이랑 같이 가면 더 행복하죠!', '2025-01-09 14:35:00', '2025-01-09 14:35:00'),
(187, 94, 11, '보드게임 카페에서 놀기, 시간 가는 줄 모를 것 같아요!', '2025-02-22 19:00:00', '2025-02-22 19:00:00'),
(188, 26, 4, '가을에 떠나기 좋은 여행지, 울긋불긋 단풍 구경 가고 싶네요.', '2025-03-08 07:40:10', '2025-03-08 07:40:10'),
(189, 57, 7, '역사 유적지 탐방, 과거로 시간 여행 떠나는 기분일 것 같아요.', '2025-04-19 16:45:25', '2025-04-19 16:45:25'),
(190, 83, 10, '버스킹 공연 관람, 길거리에서 듣는 음악은 또 다른 매력이 있죠.', '2025-05-08 20:05:30', '2025-05-08 20:05:30'),
(191, 9, 6, '나를 찾아 떠나는 여행, 정말 의미 있는 시간이 될 것 같아요.', '2025-01-21 12:30:00', '2025-01-21 12:30:00'),
(192, 50, 9, '별 보기 좋은 명당, 쏟아지는 별빛 아래 로맨틱한 밤을 보내고 싶네요.', '2025-02-07 23:55:00', '2025-02-07 23:55:00'),
(193, 76, 5, '농촌 체험 마을 방문, 도시에서는 느낄 수 없는 특별한 경험이겠어요.', '2025-03-13 10:10:10', '2025-03-13 10:10:10'),
(194, 22, 8, '나를 위한 작은 사치, 여행! 정말 공감되는 말이에요.', '2025-04-25 18:20:20', '2025-04-25 18:20:20'),
(195, 45, 11, '부모님 모시고 가기 좋은 여행, 효도 여행으로 최고일 것 같아요.', '2025-05-13 09:30:30', '2025-05-13 09:30:30'),
(196, 65, 4, '문화 체험하기 좋은 곳, 다양한 문화를 접하는 건 언제나 즐겁죠.', '2025-01-04 15:45:45', '2025-01-04 15:45:45'),
(197, 99, 7, '이색 체험 즐기기, 평범한 여행은 이제 그만! 특별한 추억 만들고 싶어요.', '2025-02-10 11:50:50', '2025-02-10 11:50:50'),
(198, 32, 10, '나만의 여행 사진 뽐내기, 멋진 사진들 잘 봤습니다! 저도 참여하고 싶네요.', '2025-03-19 20:30:00', '2025-03-19 20:30:00'),
(199, 59, 6, '섬 여행, 배 타고 가는 길부터 설레는 여행이죠. 기대됩니다.', '2025-04-06 06:10:20', '2025-04-06 06:10:20'),
(200, 88, 9, '동물원/아쿠아리움, 귀여운 동물 친구들 만나러 가고 싶어요!', '2025-05-29 13:00:00', '2025-05-29 13:00:00'),
(201, 29, 4, '여름휴가 계획 세우기, 벌써부터 마음은 바닷가에 가 있네요!', '2025-01-13 10:00:00', '2025-01-13 10:00:00'),
(202, 74, 7, '양조장 투어, 술 익는 과정도 보고 시음도 하고! 흥미롭겠어요.', '2025-02-17 14:30:00', '2025-02-17 14:30:00'),
(203, 41, 10, '우정 여행, 친구들과 함께라면 어디든 즐겁죠! 좋은 추억 만드세요.', '2025-03-23 18:00:00', '2025-03-23 18:00:00'),
(204, 95, 6, '만화 카페, 좋아하는 만화책 쌓아놓고 하루 종일 보고 싶네요.', '2025-04-08 12:00:00', '2025-04-08 12:00:00'),
(205, 18, 9, '나만의 여행 버킷리스트, 하나씩 지워나가는 재미가 쏠쏠하겠어요!', '2025-05-04 09:00:00', '2025-05-04 09:00:00'),
(206, 60, 5, '기차 여행의 낭만, 창밖으로 스쳐 지나가는 풍경이 그림 같을 듯.', '2025-01-27 11:10:00', '2025-01-27 11:10:00'),
(207, 36, 8, '맛있는 음식이 있는 여행, 여행의 절반은 맛집 탐방이죠!', '2025-02-03 19:40:00', '2025-02-03 19:40:00'),
(208, 83, 11, '버스킹 공연 관람, 거리의 음악은 언제나 활기차고 좋아요.', '2025-03-10 20:50:00', '2025-03-10 20:50:00'),
(209, 5, 4, '나만의 특별한 여행 이야기, 다음 편도 기대하겠습니다!', '2025-04-15 16:05:00', '2025-04-15 16:05:00'),
(210, 51, 7, '일출 보기 좋은 곳, 새해 다짐하며 일출 보면 감동이 두 배일 듯!', '2025-05-21 05:30:00', '2025-05-21 05:30:00'),
(211, 20, 10, '힐링이 필요할 때 떠나는 곳, 저도 그런 곳을 찾고 싶어요. 정보 감사합니다.', '2025-01-01 22:00:00', '2025-01-01 22:00:00'),
(212, 66, 6, '온천 여행으로 피로 풀기, 따뜻한 물에 몸 담그면 천국이 따로 없죠.', '2025-02-28 17:00:00', '2025-02-28 17:00:00'),
(213, 40, 9, '커플 여행, 로맨틱한 분위기 물씬! 사랑이 샘솟을 것 같아요.', '2025-03-05 10:45:00', '2025-03-05 10:45:00'),
(214, 89, 5, '천문대에서 별 관측, 어릴 적 꿈이었는데 꼭 한번 가보고 싶네요.', '2025-04-11 23:30:00', '2025-04-11 23:30:00'),
(215, 12, 8, '다시 가고 싶은 그곳, 저에게도 그런 추억의 장소가 있답니다.', '2025-05-07 14:10:00', '2025-05-07 14:10:00'),
(216, 57, 11, '역사 유적지 탐방, 과거의 지혜를 배우는 의미 있는 시간이 될 것 같아요.', '2025-01-19 09:20:00', '2025-01-19 09:20:00'),
(217, 33, 4, '여행 중 만난 특별한 인연, 그런 우연한 만남이 여행의 묘미죠!', '2025-02-09 18:50:00', '2025-02-09 18:50:00'),
(218, 78, 7, '공예 체험 공방 방문, 세상에 하나뿐인 나만의 작품을 만들고 싶어요.', '2025-03-17 11:30:00', '2025-03-17 11:30:00'),
(219, 2, 10, '함께 떠나는 즐거운 여정, 제목만 봐도 설렘 가득하네요!', '2025-04-23 08:15:00', '2025-04-23 08:15:00'),
(220, 47, 6, '캠핑하기 좋은 장소, 모닥불 피워놓고 이야기 나누고 싶네요.', '2025-05-29 19:05:00', '2025-05-29 19:05:00'),
(221, 100, 9, '나만의 특별한 경험 만들기, 정말 멋진 도전이네요! 응원합니다.', '2025-01-07 13:40:00', '2025-01-07 13:40:00'),
(222, 69, 5, '서핑 명소, 파도 소리 들으며 스트레스 날려버리고 싶어요.', '2025-02-12 07:00:00', '2025-02-12 07:00:00'),
(223, 30, 8, '국내 여행지 베스트, 아직 못 가본 곳이 많네요. 하나씩 정복해야겠어요.', '2025-03-20 16:20:00', '2025-03-20 16:20:00'),
(224, 81, 11, '사진 촬영 명소 탐방, 예쁜 사진 많이 찍으셨네요! 부럽습니다.', '2025-04-03 10:55:00', '2025-04-03 10:55:00'),
(225, 15, 4, '잊을 수 없는 풍경들, 사진으로 다시 봐도 감동이 밀려오네요.', '2025-05-10 17:40:00', '2025-05-10 17:40:00'),
(226, 53, 7, '야경이 멋진 도시, 밤에 보는 도시의 불빛은 정말 아름답죠.', '2025-01-24 21:00:00', '2025-01-24 21:00:00'),
(227, 92, 10, '워터파크에서 신나게 놀기, 여름 더위엔 물놀이가 최고예요!', '2025-02-06 14:00:00', '2025-02-06 14:00:00'),
(228, 26, 6, '가을에 떠나기 좋은 여행지, 단풍 구경하며 힐링하고 싶어요.', '2025-03-28 09:35:00', '2025-03-28 09:35:00'),
(229, 70, 9, '패러글라이딩 체험, 하늘을 나는 기분 정말 짜릿할 것 같아요!', '2025-04-09 11:25:00', '2025-04-09 11:25:00'),
(230, 45, 5, '부모님 모시고 가기 좋은 여행, 좋은 정보 감사합니다. 참고할게요.', '2025-05-16 08:50:00', '2025-05-16 08:50:00'),
(231, 1, 8, '새로운 발견, 즐거운 순간들! 여행은 언제나 새로운 영감을 주죠.', '2025-01-30 13:00:00', '2025-01-30 13:00:00'),
(232, 50, 11, '별 보기 좋은 명당, 밤하늘의 별을 보면 마음이 평화로워져요.', '2025-02-11 22:45:00', '2025-02-11 22:45:00'),
(233, 80, 4, '플라워 클래스 참여, 예쁜 꽃꽂이 배우고 싶었는데 좋은 정보네요!', '2025-03-03 10:30:00', '2025-03-03 10:30:00'),
(234, 24, 7, '여행지 추천! 여기 어때요? 정말 멋진 곳이네요. 가보고 싶어요!', '2025-04-18 15:00:00', '2025-04-18 15:00:00'),
(235, 62, 10, '지역 축제 즐기기, 다양한 볼거리와 먹거리가 가득하겠어요!', '2025-05-24 19:30:00', '2025-05-24 19:30:00'),
(236, 38, 6, '함께 떠나는 드라이브 코스, 시원한 바람 맞으며 달리고 싶네요.', '2025-01-06 16:15:00', '2025-01-06 16:15:00'),
(237, 87, 9, '수목원 산책, 푸른 자연 속에서 힐링하는 시간 너무 좋죠.', '2025-02-20 11:05:00', '2025-02-20 11:05:00'),
(238, 10, 5, '소소하지만 확실한 행복, 여행에서 찾는 작은 기쁨들이죠!', '2025-03-26 09:55:00', '2025-03-26 09:55:00'),
(239, 55, 8, '박물관/미술관 투어, 문화생활 즐기기에 딱 좋은 코스네요.', '2025-04-01 13:20:00', '2025-04-01 13:20:00'),
(240, 99, 11, '이색 체험 즐기기, 특별한 추억을 만들 수 있을 것 같아요!', '2025-05-09 17:10:00', '2025-05-09 17:10:00'),
(241, 42, 4, '혼자 여행하기 좋은 국내 명소, 저도 도전해보고 싶어요! 용기를 주세요.', '2025-01-22 08:40:00', '2025-01-22 08:40:00'),
(242, 77, 7, '어촌 체험 마을 방문, 싱싱한 해산물 맛볼 생각에 설레네요!', '2025-02-08 10:25:00', '2025-02-08 10:25:00'),
(243, 19, 10, '가성비 좋은 여행 정보, 알뜰하게 여행 다녀올 수 있겠어요. 감사합니다!', '2025-03-14 19:15:00', '2025-03-14 19:15:00'),
(244, 64, 6, '쇼핑하기 좋은 여행지, 예쁜 아이템들 득템하고 싶네요!', '2025-04-29 14:45:00', '2025-04-29 14:45:00'),
(245, 31, 9, '해외여행 준비물 체크리스트, 꼼꼼하게 잘 챙겨야겠어요. 유용합니다!', '2025-05-05 21:35:00', '2025-05-05 21:35:00'),
(246, 84, 5, '벼룩시장/플리마켓 구경, 아기자기한 소품들 찾는 재미가 있겠어요.', '2025-01-11 12:50:00', '2025-01-11 12:50:00'),
(247, 59, 8, '섬 여행 떠나기, 한적한 섬에서 여유로운 시간을 보내고 싶네요.', '2025-02-26 06:55:00', '2025-02-26 06:55:00'),
(248, 21, 11, '특별한 날, 특별한 여행! 정말 로맨틱하고 멋진 계획이네요.', '2025-03-07 11:00:00', '2025-03-07 11:00:00'),
(249, 73, 4, '와이너리 투어, 분위기 좋은 곳에서 와인 한 잔 하고 싶어요.', '2025-04-12 17:25:00', '2025-04-12 17:25:00'),
(250, 49, 7, '낚시하기 좋은 포인트, 월척 낚는 짜릿한 손맛 느껴보고 싶네요!', '2025-05-19 07:30:00', '2025-05-19 07:30:00'),
(251, 4, 10, '잊지 못할 추억 만들기, 여행만큼 좋은 게 없죠. 공감합니다!', '2025-01-28 18:40:00', '2025-01-28 18:40:00'),
(252, 52, 6, '일몰이 아름다운 장소, 붉게 물드는 하늘 보면 힐링될 것 같아요.', '2025-02-04 17:55:00', '2025-02-04 17:55:00'),
(253, 90, 9, '해수욕장에서 물놀이, 시원한 바닷물에 풍덩 빠지고 싶네요!', '2025-03-11 13:10:00', '2025-03-11 13:10:00'),
(254, 28, 5, '봄꽃 구경하기 좋은 곳, 꽃길 걸으며 봄기운 만끽하고 싶어요.', '2025-04-26 10:15:00', '2025-04-26 10:15:00'),
(255, 67, 8, '스키/스노보드 즐기기, 겨울 스포츠의 짜릿함을 느껴보고 싶네요!', '2025-05-02 08:00:00', '2025-05-02 08:00:00'),
(256, 14, 11, '나만 알고 싶은 숨은 명소, 이런 곳 찾아다니는 재미가 있죠!', '2025-01-09 14:50:00', '2025-01-09 14:50:00'),
(257, 56, 4, '테마파크에서 신나게 놀기, 어른이 되어도 동심으로 돌아가는 기분!', '2025-02-15 12:20:00', '2025-02-15 12:20:00'),
(258, 88, 7, '동물원/아쿠아리움 방문, 귀여운 동물들 보면 시간 가는 줄 모르겠어요.', '2025-03-22 16:00:00', '2025-03-22 16:00:00'),
(259, 37, 10, '여행의 설렘을 느껴보세요, 계획 세울 때부터 이미 여행은 시작이죠!', '2025-04-07 20:25:00', '2025-04-07 20:25:00'),
(260, 75, 6, '템플스테이 체험, 복잡한 마음을 비우고 싶을 때 좋을 것 같아요.', '2025-05-14 09:45:00', '2025-05-14 09:45:00'),
(261, 8, 9, '함께라서 더 즐거운 순간, 좋은 사람들과 함께하는 여행은 언제나 옳죠!', '2025-01-16 11:40:00', '2025-01-16 11:40:00'),
(262, 46, 5, '자전거 여행 코스 추천, 건강도 챙기고 아름다운 풍경도 보고! 일석이조네요.', '2025-02-27 15:05:00', '2025-02-27 15:05:00'),
(263, 94, 8, '보드게임 카페에서 놀기, 친구들과 시간 가는 줄 모르고 놀 수 있겠어요.', '2025-03-06 19:35:00', '2025-03-06 19:35:00'),
(264, 29, 11, '여름휴가 계획 세우기, 시원한 바다로 떠나고 싶어지네요!', '2025-04-13 10:50:00', '2025-04-13 10:50:00'),
(265, 72, 4, '요트 투어 즐기기, 바다 위에서 즐기는 낭만적인 시간! 정말 멋질 듯.', '2025-05-20 18:10:00', '2025-05-20 18:10:00'),
(266, 34, 7, '액티비티 즐기기 좋은 곳, 스릴 넘치는 경험 해보고 싶어요!', '2025-01-02 13:55:00', '2025-01-02 13:55:00'),
(267, 82, 10, '드라마 촬영지 방문, 드라마 속 주인공이 된 기분일 것 같아요!', '2025-02-18 09:05:00', '2025-02-18 09:05:00'),
(268, 17, 6, '함께 떠나고 싶은 여행지, 사진 보니 정말 가보고 싶어지네요!', '2025-03-25 14:20:00', '2025-03-25 14:20:00'),
(269, 58, 9, '자연휴양림에서 힐링하기, 맑은 공기 마시며 재충전하고 싶어요.', '2025-04-08 08:30:00', '2025-04-08 08:30:00'),
(270, 97, 5, 'VR 체험관에서 가상현실 즐기기, 신세계가 펼쳐질 것 같아요!', '2025-05-15 16:50:00', '2025-05-15 16:50:00'),
(271, 41, 8, '우정 여행, 신나는 추억 만들기! 친구들과 함께라면 언제나 즐겁죠.', '2025-01-25 11:15:00', '2025-01-25 11:15:00'),
(272, 79, 11, '요리 클래스 참여, 맛있는 음식 직접 만들어보는 재미가 있겠어요.', '2025-02-05 10:00:00', '2025-02-05 10:00:00'),
(273, 22, 4, '나를 위한 작은 사치, 여행! 스트레스 해소에 최고죠.', '2025-03-12 18:35:00', '2025-03-12 18:35:00'),
(274, 61, 7, '맛집 찾아 떠나는 식도락 여행, 맛있는 거 먹는 게 제일 행복해요!', '2025-04-27 12:40:00', '2025-04-27 12:40:00'),
(275, 91, 10, '계곡에서 시원하게 발 담그기, 여름 더위 식히기에 최고일 듯!', '2025-05-03 15:50:00', '2025-05-03 15:50:00'),
(276, 36, 6, '맛있는 음식이 있는 여행, 사진 보니 군침이 싹 도네요!', '2025-01-10 20:00:00', '2025-01-10 20:00:00'),
(277, 85, 9, '도서관에서 책 읽기, 조용히 사색하기 좋은 공간이죠.', '2025-02-23 13:25:00', '2025-02-23 13:25:00'),
(278, 7, 5, '아름다운 풍경, 소중한 기억. 사진 정말 잘 찍으셨네요!', '2025-03-09 09:10:00', '2025-03-09 09:10:00'),
(279, 54, 8, '전통 시장 구경하기, 활기찬 분위기 속에서 맛있는 것도 먹고! 좋아요.', '2025-04-14 17:00:00', '2025-04-14 17:00:00'),
(280, 96, 11, '방탈출 카페 도전하기, 친구들과 머리 맞대고 꼭 성공하고 싶어요!', '2025-05-21 19:45:00', '2025-05-21 19:45:00'),
(281, 30, 4, '국내 여행지 베스트, 다 가보고 싶은 곳들 뿐이네요. 저장합니다!', '2025-01-17 16:30:00', '2025-01-17 16:30:00'),
(282, 68, 7, '골프 여행 떠나기, 푸른 잔디 위에서 샷 날리는 상상만 해도 즐거워요.', '2025-02-02 10:40:00', '2025-02-02 10:40:00'),
(283, 43, 10, '반려견 동반 가능 여행지, 우리집 댕댕이도 데려가고 싶네요!', '2025-03-27 15:55:00', '2025-03-27 15:55:00'),
(284, 89, 6, '천문대에서 별 관측, 밤하늘의 별 보면 감수성 폭발할 듯!', '2025-04-04 22:50:00', '2025-04-04 22:50:00'),
(285, 16, 9, '여행의 즐거움을 나누다, 좋은 정보와 사진 감사합니다. 힐링되네요.', '2025-05-11 08:20:00', '2025-05-11 08:20:00'),
(286, 59, 5, '섬 여행, 조용하고 아름다운 섬에서 며칠 푹 쉬고 싶네요.', '2025-01-26 07:10:00', '2025-01-26 07:10:00'),
(287, 98, 8, '실내 클라이밍 도전, 생각보다 운동량이 많을 것 같아요! 재미있겠네요.', '2025-02-10 18:05:00', '2025-02-10 18:05:00'),
(288, 35, 11, '조용히 쉬기 좋은 여행지, 혼자만의 시간을 갖고 싶을 때 최고일 듯.', '2025-03-01 21:20:00', '2025-03-01 21:20:00'),
(289, 71, 4, '스쿠버 다이빙 명소, 바닷속 풍경은 얼마나 아름다울까요? 궁금해요!', '2025-04-19 09:00:00', '2025-04-19 09:00:00'),
(290, 47, 7, '캠핑하기 좋은 장소, 밤에 모닥불 피우고 별 보면 정말 좋겠어요.', '2025-05-27 20:10:00', '2025-05-27 20:10:00'),
(291, 11, 10, '함께 공유하는 여행 팁, 정말 유용한 정보가 많네요. 감사합니다!', '2025-01-03 14:00:00', '2025-01-03 14:00:00'),
(292, 53, 6, '야경이 멋진 도시, 밤에 보는 도시 풍경은 낮과는 또 다른 매력이 있죠.', '2025-02-16 21:50:00', '2025-02-16 21:50:00'),
(293, 86, 9, '전망대에서 풍경 감상, 높은 곳에서 내려다보는 경치는 언제나 최고예요.', '2025-03-24 16:40:00', '2025-03-24 16:40:00'),
(294, 25, 5, '주말여행, 어디로 갈까요? 이 글 보고 결정해야겠어요!', '2025-04-09 10:35:00', '2025-04-09 10:35:00'),
(295, 65, 8, '문화 체험하기 좋은 곳, 다양한 문화를 경험하는 건 즐거운 일이죠.', '2025-05-06 11:55:00', '2025-05-06 11:55:00'),
(296, 40, 11, '커플 여행, 로맨틱한 분위기 너무 좋네요. 사랑이 샘솟을 것 같아요!', '2025-01-20 17:05:00', '2025-01-20 17:05:00'),
(297, 80, 4, '플라워 클래스 참여, 직접 만든 꽃으로 집안 분위기를 바꿔보고 싶어요.', '2025-02-07 15:10:00', '2025-02-07 15:10:00'),
(298, 13, 7, '여행지에서의 특별한 만남, 어떤 인연이 기다리고 있을지 두근거리네요.', '2025-03-15 09:00:00', '2025-03-15 09:00:00'),
(299, 55, 10, '박물관/미술관 투어, 교양도 쌓고 감성도 충전하고! 좋은데요?', '2025-04-30 13:45:00', '2025-04-30 13:45:00'),
(300, 92, 6, '워터파크에서 신나게 놀기, 여름엔 역시 물놀이가 최고죠! 가고 싶어요.', '2025-05-28 14:00:00', '2025-05-28 14:00:00');


-- attractions.no 범위 조정 함수 (56644 ~ 107558)
-- 기존 ano가 1~100 이므로, 56643을 더해주면 범위 내로 들어감.
-- 실제 attractions 테이블 데이터가 없으므로, 참조하는 테이블의 ano 값만 수정합니다.

-- reviews 테이블 데이터 (ano 수정, updated_at 추가, 한국어화)
INSERT INTO reviews (rno, mno, ano, rating, content, created_at, updated_at) VALUES
(1, 7, 56643 + 33, 3, '시설도 깨끗하고 직원분들도 친절해서 좋았어요. 주변 경치도 아름다웠습니다.', '2025-04-22 00:00:00', '2025-04-22 00:00:00'),
(2, 4, 56643 + 1, 2, '기대했던 것보다는 조금 아쉬웠어요. 하지만 나름대로 즐거운 시간을 보냈습니다.', '2025-02-25 00:00:00', '2025-02-25 00:00:00'),
(3, 8, 56643 + 64, 4, '정말 만족스러운 경험이었습니다! 다음에 꼭 다시 방문하고 싶어요. 강력 추천합니다.', '2025-01-24 00:00:00', '2025-01-24 00:00:00'),
(4, 6, 56643 + 8, 1, '생각보다 별로였어요. 사진이랑 너무 달라서 실망했습니다. 재방문 의사는 없어요.', '2025-05-26 00:00:00', '2025-05-26 00:00:00'),
(5, 5, 56643 + 42, 5, '모든 것이 완벽했습니다! 경치, 서비스, 시설 모두 최고였어요. 잊지 못할 경험입니다.', '2025-03-28 00:00:00', '2025-03-28 00:00:00'),
(6, 10, 56643 + 80, 3, '가격 대비 괜찮았어요. 특별히 좋거나 나쁜 점 없이 무난했습니다.', '2025-01-30 00:00:00', '2025-01-30 00:00:00'),
(7, 7, 56643 + 13, 5, '정말 아름다운 곳이었어요. 가족들과 함께 좋은 추억 만들고 갑니다. 강력 추천!', '2025-01-15 00:00:00', '2025-01-15 00:00:00'),
(8, 11, 56643 + 58, 1, '다시는 가고 싶지 않은 곳입니다. 서비스도 엉망이고, 시설도 낡았어요.', '2025-05-07 00:00:00', '2025-05-07 00:00:00'),
(9, 5, 56643 + 88, 2, '그냥 그랬어요. 특별한 감흥은 없었지만, 나쁘지도 않았습니다.', '2025-04-07 00:00:00', '2025-04-07 00:00:00'),
(10, 9, 56643 + 4, 2, '조금 실망스러웠습니다. 기대가 너무 컸던 탓일까요? 다시 가진 않을 것 같아요.', '2025-05-13 00:00:00', '2025-05-13 00:00:00'),
(11, 11, 56643 + 95, 4, '전반적으로 만족스러웠습니다. 다음에 기회가 되면 또 오고 싶네요.', '2025-04-16 00:00:00', '2025-04-16 00:00:00'),
(12, 8, 56643 + 62, 5, '최고의 선택이었습니다! 모든 면에서 만족스러웠고, 잊지 못할 추억을 만들었어요.', '2025-03-17 00:00:00', '2025-03-17 00:00:00'),
(13, 6, 56643 + 50, 3, '무난한 경험이었습니다. 특별한 장점도, 단점도 없었어요.', '2025-03-20 00:00:00', '2025-03-20 00:00:00'),
(14, 8, 56643 + 46, 4, '좋은 시간을 보냈습니다. 특히 아이들이 정말 좋아했어요. 가족 여행지로 추천합니다.', '2025-03-17 00:00:00', '2025-03-17 00:00:00'),
(15, 6, 56643 + 14, 1, '정말 최악이었어요. 다시는 경험하고 싶지 않습니다. 돈이 아까웠어요.', '2025-04-30 00:00:00', '2025-04-30 00:00:00'),
(16, 5, 56643 + 33, 1, '별로 추천하고 싶지 않네요. 서비스도 불친절하고, 시설도 기대 이하였습니다.', '2025-01-10 00:00:00', '2025-01-10 00:00:00'),
(17, 10, 56643 + 98, 1, '정말 실망스러웠습니다. 다시는 방문하지 않을 거예요. 시간 낭비였어요.', '2025-01-06 00:00:00', '2025-01-06 00:00:00'),
(18, 7, 56643 + 39, 3, '나쁘지 않았어요. 하지만 가격 대비 조금 아쉬운 점이 있었습니다.', '2025-01-16 00:00:00', '2025-01-16 00:00:00'),
(19, 10, 56643 + 59, 1, '최악의 경험이었습니다. 직원들의 태도도 문제였고, 위생 상태도 엉망이었어요.', '2025-01-31 00:00:00', '2025-01-31 00:00:00'),
(20, 6, 56643 + 6, 1, '정말 별로였어요. 다시는 가고 싶지 않습니다. 다른 곳을 알아보시는 게 좋을 거예요.', '2025-04-19 00:00:00', '2025-04-19 00:00:00'),
(21, 5, 56643 + 15, 4, '꽤 만족스러운 경험이었습니다. 직원들도 친절하고, 시설도 깨끗했어요.', '2025-05-20 00:00:00', '2025-05-20 00:00:00'),
(22, 7, 56643 + 21, 4, '즐거운 시간을 보냈습니다. 특히 야경이 정말 아름다웠어요. 추천합니다.', '2025-02-25 00:00:00', '2025-02-25 00:00:00'),
(23, 8, 56643 + 62, 2, '기대에는 못 미쳤지만, 그럭저럭 괜찮았습니다. 한번쯤 가볼 만은 해요.', '2025-05-14 00:00:00', '2025-05-14 00:00:00'),
(24, 10, 56643 + 24, 5, '모든 것이 완벽했던 여행지였습니다! 잊지 못할 추억을 만들고 돌아왔어요. 강력 추천!', '2025-02-20 00:00:00', '2025-02-20 00:00:00'),
(25, 10, 56643 + 35, 4, '정말 좋은 경험이었습니다. 다음에도 꼭 다시 찾고 싶은 곳이에요.', '2025-05-10 00:00:00', '2025-05-10 00:00:00'),
(26, 8, 56643 + 71, 2, '생각보다 평범했어요. 특별한 매력은 느끼지 못했습니다.', '2025-01-27 00:00:00', '2025-01-27 00:00:00'),
(27, 8, 56643 + 82, 2, '그냥 보통이었어요. 다시 갈지는 잘 모르겠습니다.', '2025-02-06 00:00:00', '2025-02-06 00:00:00'),
(28, 6, 56643 + 50, 1, '정말 실망했습니다. 사진과 너무 달랐고, 서비스도 엉망이었어요.', '2025-02-15 00:00:00', '2025-02-15 00:00:00'),
(29, 10, 56643 + 10, 1, '다시는 경험하고 싶지 않은 곳입니다. 최악이었어요.', '2025-04-07 00:00:00', '2025-04-07 00:00:00'),
(30, 6, 56643 + 63, 1, '정말 별로였습니다. 시간과 돈이 아까웠어요. 추천하지 않습니다.', '2025-03-15 00:00:00', '2025-03-15 00:00:00'),
(31, 4, 56643 + 22, 5, '환상적인 경험이었습니다! 모든 것이 기대 이상이었어요. 꼭 다시 올 겁니다!', '2025-04-04 00:00:00', '2025-04-04 00:00:00'),
(32, 6, 56643 + 51, 1, '정말 실망스러운 곳이었습니다. 다시는 가지 않을 거예요.', '2025-05-24 00:00:00', '2025-05-24 00:00:00'),
(33, 10, 56643 + 36, 3, '나쁘지 않았습니다. 하지만 더 좋은 곳도 많을 것 같아요.', '2025-01-28 00:00:00', '2025-01-28 00:00:00'),
(34, 5, 56643 + 2, 1, '정말 최악의 선택이었어요. 모든 것이 불만족스러웠습니다.', '2025-03-20 00:00:00', '2025-03-20 00:00:00'),
(35, 11, 56643 + 45, 4, '매우 만족스러운 경험이었습니다. 경치도 좋고, 직원들도 친절했어요.', '2025-01-22 00:00:00', '2025-01-22 00:00:00'),
(36, 8, 56643 + 76, 1, '정말 별로였어요. 다시는 오고 싶지 않습니다. 비추천합니다.', '2025-05-23 00:00:00', '2025-05-23 00:00:00'),
(37, 6, 56643 + 98, 4, '좋은 추억 만들고 갑니다. 다음에 또 방문하고 싶어요.', '2025-02-21 00:00:00', '2025-02-21 00:00:00'),
(38, 10, 56643 + 52, 4, '전반적으로 만족스러웠습니다. 특히 음식이 맛있었어요. 추천합니다.', '2025-05-17 00:00:00', '2025-05-17 00:00:00'),
(39, 9, 56643 + 76, 3, '괜찮았어요. 하지만 특별히 인상 깊었던 점은 없었습니다.', '2025-02-15 00:00:00', '2025-02-15 00:00:00'),
(40, 9, 56643 + 51, 4, '기대 이상으로 좋았습니다! 시설도 깨끗하고, 즐길 거리도 많았어요.', '2025-04-13 00:00:00', '2025-04-13 00:00:00'),
(41, 9, 56643 + 99, 3, '무난하게 즐기기 좋은 곳이었습니다. 가격 대비 만족스러워요.', '2025-03-26 00:00:00', '2025-03-26 00:00:00'),
(42, 4, 56643 + 58, 4, '정말 멋진 곳이었어요! 사진도 많이 찍고, 좋은 추억 만들었습니다.', '2025-05-25 00:00:00', '2025-05-25 00:00:00'),
(43, 9, 56643 + 15, 2, '조금 아쉬웠어요. 생각보다 볼거리가 많지 않았습니다.', '2025-03-01 00:00:00', '2025-03-01 00:00:00'),
(44, 8, 56643 + 51, 2, '그냥 그랬습니다. 다시 방문할 의향은 별로 없어요.', '2025-01-23 00:00:00', '2025-01-23 00:00:00'),
(45, 6, 56643 + 42, 3, '나쁘지 않았지만, 굳이 다시 찾아갈 정도는 아니었어요.', '2025-03-20 00:00:00', '2025-03-20 00:00:00'),
(46, 5, 56643 + 87, 1, '정말 실망스러운 경험이었습니다. 모든 면에서 부족했어요.', '2025-01-10 00:00:00', '2025-01-10 00:00:00'),
(47, 11, 56643 + 64, 1, '다시는 가고 싶지 않은 곳입니다. 시간과 돈을 낭비했어요.', '2025-03-16 00:00:00', '2025-03-16 00:00:00'),
(48, 8, 56643 + 29, 1, '정말 별로였어요. 서비스도 엉망이고, 볼거리도 없었습니다.', '2025-01-30 00:00:00', '2025-01-30 00:00:00'),
(49, 5, 56643 + 64, 3, '그럭저럭 괜찮았습니다. 하지만 큰 기대는 하지 않는 것이 좋아요.', '2025-01-12 00:00:00', '2025-01-12 00:00:00'),
(50, 6, 56643 + 71, 5, '최고의 경험이었습니다! 모든 것이 완벽했고, 잊지 못할 추억을 만들었어요. 강력 추천합니다!', '2025-02-27 00:00:00', '2025-02-27 00:00:00'),
(51, 8, 56643 + 51, 1, '정말 실망스러웠습니다. 다시는 방문하고 싶지 않아요.', '2025-02-01 00:00:00', '2025-02-01 00:00:00'),
(52, 9, 56643 + 80, 5, '환상적인 경험이었습니다! 모든 것이 기대 이상이었고, 행복한 시간을 보냈어요.', '2025-02-08 00:00:00', '2025-02-08 00:00:00'),
(53, 4, 56643 + 99, 2, '기대했던 것만큼 좋지는 않았어요. 조금 아쉬움이 남습니다.', '2025-05-24 00:00:00', '2025-05-24 00:00:00'),
(54, 7, 56643 + 17, 2, '그냥 보통 수준이었습니다. 특별히 좋지도, 나쁘지도 않았어요.', '2025-01-26 00:00:00', '2025-01-26 00:00:00'),
(55, 5, 56643 + 1, 2, '생각보다 별로였어요. 다시 가진 않을 것 같습니다.', '2025-04-11 00:00:00', '2025-04-11 00:00:00'),
(56, 6, 56643 + 20, 3, '무난한 선택이었습니다. 나쁘지 않았지만, 강력 추천할 정도는 아니에요.', '2025-03-26 00:00:00', '2025-03-26 00:00:00'),
(57, 11, 56643 + 31, 5, '정말 멋진 곳이었습니다! 모든 것이 만족스러웠고, 즐거운 시간을 보냈어요.', '2025-01-07 00:00:00', '2025-01-07 00:00:00'),
(58, 4, 56643 + 52, 5, '최고의 경험이었습니다! 아름다운 경치와 훌륭한 서비스에 감동했어요.', '2025-01-05 00:00:00', '2025-01-05 00:00:00'),
(59, 7, 56643 + 31, 3, '괜찮은 경험이었습니다. 하지만 조금 더 특별한 것을 기대했어요.', '2025-04-18 00:00:00', '2025-04-18 00:00:00'),
(60, 10, 56643 + 47, 4, '정말 좋았어요! 특히 직원들의 친절함이 인상 깊었습니다. 재방문 의사 있습니다.', '2025-03-07 00:00:00', '2025-03-07 00:00:00'),
(61, 8, 56643 + 66, 5, '환상적인 곳이었습니다! 모든 것이 완벽했고, 꿈같은 시간을 보냈어요.', '2025-05-24 00:00:00', '2025-05-24 00:00:00'),
(62, 5, 56643 + 28, 1, '정말 실망스러웠습니다. 다시는 오고 싶지 않은 곳이에요.', '2025-02-28 00:00:00', '2025-02-28 00:00:00'),
(63, 7, 56643 + 74, 4, '매우 만족스러운 경험이었습니다. 다음에도 꼭 다시 방문하고 싶어요.', '2025-03-30 00:00:00', '2025-03-30 00:00:00'),
(64, 8, 56643 + 68, 5, '최고의 선택이었습니다! 아름다운 경치와 훌륭한 시설에 감탄했어요.', '2025-05-24 00:00:00', '2025-05-24 00:00:00'),
(65, 7, 56643 + 72, 4, '즐거운 시간을 보냈습니다. 특히 아이들이 좋아해서 만족스러웠어요.', '2025-01-12 00:00:00', '2025-01-12 00:00:00'),
(66, 9, 56643 + 44, 3, '나쁘지 않았지만, 가격 대비 조금 아쉬웠습니다.', '2025-04-20 00:00:00', '2025-04-20 00:00:00'),
(67, 6, 56643 + 90, 4, '전반적으로 만족스러웠습니다. 다음에 또 오고 싶은 곳이에요.', '2025-02-24 00:00:00', '2025-02-24 00:00:00'),
(68, 4, 56643 + 45, 5, '모든 것이 완벽했습니다! 잊지 못할 아름다운 추억을 만들었어요. 강력 추천!', '2025-04-21 00:00:00', '2025-04-21 00:00:00'),
(69, 8, 56643 + 98, 5, '최고의 경험이었습니다! 모든 면에서 기대 이상이었고, 행복한 시간을 보냈습니다.', '2025-04-25 00:00:00', '2025-04-25 00:00:00'),
(70, 9, 56643 + 31, 3, '그럭저럭 괜찮았어요. 하지만 다시 갈지는 고민해봐야 할 것 같아요.', '2025-04-27 00:00:00', '2025-04-27 00:00:00'),
(71, 6, 56643 + 35, 3, '무난한 경험이었습니다. 특별히 인상적인 부분은 없었어요.', '2025-01-26 00:00:00', '2025-01-26 00:00:00'),
(72, 6, 56643 + 57, 4, '좋은 시간을 보냈습니다. 시설도 깨끗하고, 직원들도 친절했어요.', '2025-03-31 00:00:00', '2025-03-31 00:00:00'),
(73, 8, 56643 + 95, 1, '정말 실망했습니다. 다시는 방문하지 않을 거예요. 추천하지 않습니다.', '2025-01-22 00:00:00', '2025-01-22 00:00:00'),
(74, 4, 56643 + 66, 4, '매우 만족스러웠습니다. 특히 아름다운 경치가 기억에 남아요.', '2025-01-14 00:00:00', '2025-01-14 00:00:00'),
(75, 11, 56643 + 79, 1, '정말 별로였어요. 시간과 돈이 아까웠습니다. 다시는 안 갈 거예요.', '2025-05-06 00:00:00', '2025-05-06 00:00:00'),
(76, 10, 56643 + 26, 2, '기대 이하였습니다. 사진과 너무 달라서 실망했어요.', '2025-02-18 00:00:00', '2025-02-18 00:00:00'),
(77, 10, 56643 + 34, 2, '그냥 그랬어요. 특별히 좋거나 나쁜 점은 없었습니다.', '2025-03-22 00:00:00', '2025-03-22 00:00:00'),
(78, 9, 56643 + 98, 4, '꽤 만족스러운 경험이었습니다. 다음에 기회가 되면 또 방문하고 싶네요.', '2025-05-21 00:00:00', '2025-05-21 00:00:00'),
(79, 5, 56643 + 44, 5, '환상적인 곳이었습니다! 모든 것이 완벽했고, 꿈같은 시간을 보냈어요. 강력 추천!', '2025-01-16 00:00:00', '2025-01-16 00:00:00'),
(80, 7, 56643 + 67, 2, '생각보다 평범했어요. 특별한 매력을 느끼지는 못했습니다.', '2025-03-14 00:00:00', '2025-03-14 00:00:00'),
(81, 10, 56643 + 59, 1, '정말 최악의 경험이었습니다. 다시는 가고 싶지 않아요.', '2025-03-30 00:00:00', '2025-03-30 00:00:00'),
(82, 10, 56643 + 53, 1, '실망스러웠습니다. 추천하고 싶지 않네요.', '2025-05-24 00:00:00', '2025-05-24 00:00:00'),
(83, 11, 56643 + 97, 3, '나쁘지 않았어요. 하지만 가격이 조금 비싼 것 같습니다.', '2025-01-29 00:00:00', '2025-01-29 00:00:00'),
(84, 9, 56643 + 27, 5, '최고의 선택이었습니다! 아름다운 자연과 훌륭한 서비스에 감동했어요.', '2025-01-21 00:00:00', '2025-01-21 00:00:00'),
(85, 8, 56643 + 79, 1, '정말 별로였어요. 다시는 방문하지 않을 겁니다.', '2025-01-17 00:00:00', '2025-01-17 00:00:00'),
(86, 8, 56643 + 60, 2, '그냥 보통이었어요. 특별히 인상 깊지는 않았습니다.', '2025-04-09 00:00:00', '2025-04-09 00:00:00'),
(87, 7, 56643 + 83, 4, '매우 만족스러운 경험이었습니다. 직원들도 친절하고 시설도 깨끗했어요.', '2025-05-24 00:00:00', '2025-05-24 00:00:00'),
(88, 11, 56643 + 34, 3, '괜찮았어요. 하지만 조금 더 다양한 즐길 거리가 있었으면 좋겠습니다.', '2025-02-10 00:00:00', '2025-02-10 00:00:00'),
(89, 11, 56643 + 10, 4, '전반적으로 좋았습니다. 특히 음식이 맛있어서 기억에 남아요.', '2025-03-23 00:00:00', '2025-03-23 00:00:00'),
(90, 7, 56643 + 58, 4, '즐거운 시간을 보냈습니다. 다음에 또 오고 싶어요.', '2025-01-30 00:00:00', '2025-01-30 00:00:00'),
(91, 6, 56643 + 29, 4, '꽤 만족스러웠습니다. 아이들과 함께 가기 좋은 곳이에요.', '2025-02-06 00:00:00', '2025-02-06 00:00:00'),
(92, 11, 56643 + 20, 5, '환상적인 경험이었습니다! 모든 것이 기대 이상이었어요. 강력 추천!', '2025-05-12 00:00:00', '2025-05-12 00:00:00'),
(93, 8, 56643 + 79, 1, '정말 실망했습니다. 다시는 방문하고 싶지 않아요.', '2025-05-17 00:00:00', '2025-05-17 00:00:00'),
(94, 8, 56643 + 10, 1, '최악이었어요. 시간과 돈이 아까웠습니다.', '2025-03-11 00:00:00', '2025-03-11 00:00:00'),
(95, 4, 56643 + 90, 1, '정말 별로였습니다. 다시는 가지 않을 거예요.', '2025-01-02 00:00:00', '2025-01-02 00:00:00'),
(96, 8, 56643 + 59, 1, '실망스러운 경험이었습니다. 추천하지 않습니다.', '2025-01-26 00:00:00', '2025-01-26 00:00:00'),
(97, 7, 56643 + 43, 1, '정말 최악이었어요. 모든 것이 불만족스러웠습니다.', '2025-03-25 00:00:00', '2025-03-25 00:00:00'),
(98, 6, 56643 + 10, 4, '좋은 시간을 보냈습니다. 직원들도 친절하고, 시설도 깨끗했어요. 만족합니다.', '2025-05-24 00:00:00', '2025-05-24 00:00:00'),
(99, 5, 56643 + 90, 1, '정말 별로였습니다. 다시는 방문하고 싶지 않아요.', '2025-02-06 00:00:00', '2025-02-06 00:00:00'),
(100, 7, 56643 + 51, 1, '최악의 경험이었습니다. 시간 낭비, 돈 낭비였어요.', '2025-04-08 00:00:00', '2025-04-08 00:00:00');

-- plan_attractions 테이블 데이터 (ano 수정, sequence_order, start_date, end_date 추가)
INSERT INTO plan_attractions (no, pno, ano, sequence_order, start_date, end_date) VALUES
(1, 52, 56643 + 40, 1, NULL, NULL),
(2, 80, 56643 + 83, 1, NULL, NULL),
(3, 2, 56643 + 46, 1, NULL, NULL),
(4, 20, 56643 + 26, 1, NULL, NULL),
(5, 85, 56643 + 97, 1, NULL, NULL),
(6, 59, 56643 + 37, 1, NULL, NULL),
(7, 31, 56643 + 1, 1, NULL, NULL),
(8, 9, 56643 + 8, 1, NULL, NULL),
(9, 93, 56643 + 19, 1, NULL, NULL),
(10, 4, 56643 + 69, 1, NULL, NULL),
(11, 45, 56643 + 73, 1, NULL, NULL),
(12, 5, 56643 + 4, 1, NULL, NULL),
(13, 65, 56643 + 4, 1, NULL, NULL),
(14, 92, 56643 + 80, 1, NULL, NULL),
(15, 68, 56643 + 97, 1, NULL, NULL),
(16, 91, 56643 + 56, 1, NULL, NULL),
(17, 97, 56643 + 39, 1, NULL, NULL),
(18, 88, 56643 + 67, 1, NULL, NULL),
(19, 41, 56643 + 30, 1, NULL, NULL),
(20, 45, 56643 + 32, 1, NULL, NULL),
(21, 36, 56643 + 89, 1, NULL, NULL),
(22, 16, 56643 + 47, 1, NULL, NULL),
(23, 60, 56643 + 54, 1, NULL, NULL),
(24, 15, 56643 + 95, 1, NULL, NULL),
(25, 60, 56643 + 9, 1, NULL, NULL),
(26, 29, 56643 + 93, 1, NULL, NULL),
(27, 56, 56643 + 46, 1, NULL, NULL),
(28, 13, 56643 + 24, 1, NULL, NULL),
(29, 72, 56643 + 15, 1, NULL, NULL),
(30, 15, 56643 + 10, 1, NULL, NULL),
(31, 59, 56643 + 26, 1, NULL, NULL),
(32, 37, 56643 + 80, 1, NULL, NULL),
(33, 45, 56643 + 13, 1, NULL, NULL),
(34, 24, 56643 + 55, 1, NULL, NULL),
(35, 40, 56643 + 83, 1, NULL, NULL),
(36, 7, 56643 + 77, 1, NULL, NULL),
(37, 77, 56643 + 30, 1, NULL, NULL),
(38, 94, 56643 + 65, 1, NULL, NULL),
(39, 90, 56643 + 89, 1, NULL, NULL),
(40, 87, 56643 + 44, 1, NULL, NULL),
(41, 4, 56643 + 91, 1, NULL, NULL),
(42, 3, 56643 + 77, 1, NULL, NULL),
(43, 26, 56643 + 14, 1, NULL, NULL),
(44, 47, 56643 + 13, 1, NULL, NULL),
(45, 100, 56643 + 21, 1, NULL, NULL),
(46, 88, 56643 + 44, 1, NULL, NULL),
(47, 50, 56643 + 7, 1, NULL, NULL),
(48, 20, 56643 + 87, 1, NULL, NULL),
(49, 9, 56643 + 61, 1, NULL, NULL),
(50, 9, 56643 + 1, 1, NULL, NULL),
(51, 51, 56643 + 86, 1, NULL, NULL),
(52, 94, 56643 + 19, 1, NULL, NULL),
(53, 4, 56643 + 32, 1, NULL, NULL),
(54, 58, 56643 + 39, 1, NULL, NULL),
(55, 29, 56643 + 86, 1, NULL, NULL),
(56, 74, 56643 + 86, 1, NULL, NULL),
(57, 34, 56643 + 93, 1, NULL, NULL),
(58, 38, 56643 + 76, 1, NULL, NULL),
(59, 19, 56643 + 43, 1, NULL, NULL),
(60, 4, 56643 + 19, 1, NULL, NULL),
(61, 12, 56643 + 87, 1, NULL, NULL),
(62, 41, 56643 + 85, 1, NULL, NULL),
(63, 80, 56643 + 27, 1, NULL, NULL),
(64, 7, 56643 + 8, 1, NULL, NULL),
(65, 59, 56643 + 24, 1, NULL, NULL),
(66, 6, 56643 + 30, 1, NULL, NULL),
(67, 11, 56643 + 69, 1, NULL, NULL),
(68, 75, 56643 + 75, 1, NULL, NULL),
(69, 49, 56643 + 88, 1, NULL, NULL),
(70, 43, 56643 + 43, 1, NULL, NULL),
(71, 44, 56643 + 100, 1, NULL, NULL),
(72, 92, 56643 + 94, 1, NULL, NULL),
(73, 65, 56643 + 39, 1, NULL, NULL),
(74, 73, 56643 + 55, 1, NULL, NULL),
(75, 86, 56643 + 72, 1, NULL, NULL),
(76, 97, 56643 + 43, 1, NULL, NULL),
(77, 66, 56643 + 51, 1, NULL, NULL),
(78, 68, 56643 + 6, 1, NULL, NULL),
(79, 66, 56643 + 27, 1, NULL, NULL),
(80, 93, 56643 + 64, 1, NULL, NULL),
(81, 71, 56643 + 35, 1, NULL, NULL),
(82, 38, 56643 + 38, 1, NULL, NULL),
(83, 58, 56643 + 71, 1, NULL, NULL),
(84, 44, 56643 + 50, 1, NULL, NULL),
(85, 45, 56643 + 2, 1, NULL, NULL),
(86, 28, 56643 + 55, 1, NULL, NULL),
(87, 37, 56643 + 76, 1, NULL, NULL),
(88, 61, 56643 + 65, 1, NULL, NULL),
(89, 47, 56643 + 91, 1, NULL, NULL),
(90, 14, 56643 + 6, 1, NULL, NULL),
(91, 74, 56643 + 88, 1, NULL, NULL),
(92, 78, 56643 + 96, 1, NULL, NULL),
(93, 86, 56643 + 79, 1, NULL, NULL),
(94, 72, 56643 + 2, 1, NULL, NULL),
(95, 83, 56643 + 41, 1, NULL, NULL),
(96, 32, 56643 + 33, 1, NULL, NULL),
(97, 1, 56643 + 65, 1, NULL, NULL),
(98, 27, 56643 + 31, 1, NULL, NULL),
(99, 11, 56643 + 37, 1, NULL, NULL),
(100, 60, 56643 + 69, 1, NULL, NULL);

-- board_likes 테이블 데이터 (liked_at 추가)
-- liked_at은 임의의 시간으로 설정합니다. (예: '2025-05-27 10:00:00')
INSERT INTO board_likes (no, bno, mno, liked_at) VALUES
(1, 48, 6, '2025-05-27 10:00:00'),
(2, 54, 4, '2025-05-27 10:00:00'),
(3, 32, 4, '2025-05-27 10:00:00'),
(4, 30, 6, '2025-05-27 10:00:00'),
(5, 69, 9, '2025-05-27 10:00:00'),
(6, 52, 9, '2025-05-27 10:00:00'),
(7, 23, 6, '2025-05-27 10:00:00'),
(8, 9, 11, '2025-05-27 10:00:00'),
(9, 44, 11, '2025-05-27 10:00:00'),
(10, 56, 6, '2025-05-27 10:00:00'),
(11, 20, 10, '2025-05-27 10:00:00'),
(12, 41, 8, '2025-05-27 10:00:00'),
(13, 10, 10, '2025-05-27 10:00:00'),
(14, 84, 7, '2025-05-27 10:00:00'),
(15, 87, 8, '2025-05-27 10:00:00'),
(16, 34, 6, '2025-05-27 10:00:00'),
(17, 74, 8, '2025-05-27 10:00:00'),
(18, 59, 9, '2025-05-27 10:00:00'),
(19, 7, 9, '2025-05-27 10:00:00'),
(20, 96, 9, '2025-05-27 10:00:00'),
(21, 88, 9, '2025-05-27 10:00:00'),
(22, 21, 11, '2025-05-27 10:00:00'),
(23, 23, 9, '2025-05-27 10:00:00'),
(24, 96, 8, '2025-05-27 10:00:00'),
(25, 94, 8, '2025-05-27 10:00:00'),
(26, 56, 9, '2025-05-27 10:00:00'),
(27, 73, 5, '2025-05-27 10:00:00'),
(28, 66, 4, '2025-05-27 10:00:00'),
(29, 29, 10, '2025-05-27 10:00:00'),
(30, 17, 5, '2025-05-27 10:00:00'),
(31, 80, 5, '2025-05-27 10:00:00'),
(32, 28, 9, '2025-05-27 10:00:00'),
(33, 2, 6, '2025-05-27 10:00:00'),
(34, 32, 6, '2025-05-27 10:00:00'),
(35, 9, 9, '2025-05-27 10:00:00'),
(36, 98, 11, '2025-05-27 10:00:00'),
(37, 9, 11, '2025-05-27 10:00:00'),
(38, 8, 4, '2025-05-27 10:00:00'),
(39, 19, 11, '2025-05-27 10:00:00'),
(40, 32, 4, '2025-05-27 10:00:00'),
(41, 26, 7, '2025-05-27 10:00:00'),
(42, 72, 10, '2025-05-27 10:00:00'),
(43, 8, 6, '2025-05-27 10:00:00'),
(44, 13, 4, '2025-05-27 10:00:00'),
(45, 13, 6, '2025-05-27 10:00:00'),
(46, 81, 4, '2025-05-27 10:00:00'),
(47, 29, 6, '2025-05-27 10:00:00'),
(48, 71, 11, '2025-05-27 10:00:00'),
(49, 74, 5, '2025-05-27 10:00:00'),
(50, 72, 11, '2025-05-27 10:00:00'),
(51, 50, 6, '2025-05-27 10:00:00'),
(52, 76, 5, '2025-05-27 10:00:00'),
(53, 29, 11, '2025-05-27 10:00:00'),
(54, 92, 8, '2025-05-27 10:00:00'),
(55, 87, 7, '2025-05-27 10:00:00'),
(56, 51, 10, '2025-05-27 10:00:00'),
(57, 66, 4, '2025-05-27 10:00:00'),
(58, 79, 6, '2025-05-27 10:00:00'),
(59, 87, 7, '2025-05-27 10:00:00'),
(60, 58, 4, '2025-05-27 10:00:00'),
(61, 62, 8, '2025-05-27 10:00:00'),
(62, 56, 6, '2025-05-27 10:00:00'),
(63, 100, 6, '2025-05-27 10:00:00'),
(64, 16, 4, '2025-05-27 10:00:00'),
(65, 28, 7, '2025-05-27 10:00:00'),
(66, 14, 10, '2025-05-27 10:00:00'),
(67, 90, 8, '2025-05-27 10:00:00'),
(68, 98, 10, '2025-05-27 10:00:00'),
(69, 79, 8, '2025-05-27 10:00:00'),
(70, 35, 7, '2025-05-27 10:00:00'),
(71, 28, 8, '2025-05-27 10:00:00'),
(72, 91, 10, '2025-05-27 10:00:00'),
(73, 61, 4, '2025-05-27 10:00:00'),
(74, 52, 7, '2025-05-27 10:00:00'),
(75, 50, 7, '2025-05-27 10:00:00'),
(76, 44, 10, '2025-05-27 10:00:00'),
(77, 63, 7, '2025-05-27 10:00:00'),
(78, 17, 10, '2025-05-27 10:00:00'),
(79, 71, 5, '2025-05-27 10:00:00'),
(80, 98, 8, '2025-05-27 10:00:00'),
(81, 1, 6, '2025-05-27 10:00:00'),
(82, 71, 10, '2025-05-27 10:00:00'),
(83, 24, 4, '2025-05-27 10:00:00'),
(84, 2, 8, '2025-05-27 10:00:00'),
(85, 99, 10, '2025-05-27 10:00:00'),
(86, 10, 5, '2025-05-27 10:00:00'),
(87, 50, 11, '2025-05-27 10:00:00'),
(88, 73, 11, '2025-05-27 10:00:00'),
(89, 40, 9, '2025-05-27 10:00:00'),
(90, 52, 10, '2025-05-27 10:00:00'),
(91, 89, 9, '2025-05-27 10:00:00'),
(92, 1, 4, '2025-05-27 10:00:00'),
(93, 50, 11, '2025-05-27 10:00:00'),
(94, 97, 11, '2025-05-27 10:00:00'),
(95, 22, 6, '2025-05-27 10:00:00'),
(96, 17, 8, '2025-05-27 10:00:00'),
(97, 39, 5, '2025-05-27 10:00:00'),
(98, 75, 10, '2025-05-27 10:00:00'),
(99, 1, 10, '2025-05-27 10:00:00'),
(100, 13, 5, '2025-05-27 10:00:00');

-- group_members 테이블 데이터 (role, joined_at 추가)
-- role: 그룹 생성자(groups.mno)는 1 (관리자), 그 외는 2 (일반회원)
-- joined_at은 임의의 시간으로 설정합니다. (예: 그룹 생성일 또는 '2025-05-27 10:00:00')
-- 그룹 생성자 정보 (gno: creator_mno)
-- 1:4, 2:5, 3:6, 4:7, 5:8, 6:9, 7:10, 8:11, 9:1, 10:2, 11:3, 12:4, 13:5, 14:6, 15:7,
-- 16:8, 17:9, 18:10, 19:11, 20:1, 21:2, 22:3, 23:4, 24:5, 25:6, 26:7, 27:8, 28:9, 29:10, 30:11,
-- 31:1, 32:2, 33:3, 34:4, 35:5, 36:6, 37:7, 38:8, 39:9, 40:10, 41:11, 42:1, 43:2, 44:3, 45:4,
-- 46:5, 47:6, 48:7, 49:8, 50:9, 51:10, 52:11, 53:1, 54:2, 55:3, 56:4, 57:5, 58:6, 59:7, 60:8,
-- 61:9, 62:10, 63:11, 64:1, 65:2, 66:3, 67:4, 68:5, 69:6, 70:7, 71:8, 72:9, 73:10, 74:11, 75:1,
-- 76:2, 77:3, 78:4, 79:5, 80:6, 81:7, 82:8, 83:9, 84:10, 85:11, 86:1, 87:2, 88:3, 89:4, 90:5,
-- 91:6, 92:7, 93:8, 94:9, 95:10, 96:11, 97:1, 98:2, 99:3, 100:4
INSERT INTO group_members (no, gno, mno, role, joined_at) VALUES
(1, 2, 5, 1, '2025-01-19 00:00:00'), -- gno2 creator_mno 5
(2, 97, 7, 2, '2025-05-04 00:00:00'), -- gno97 creator_mno 1
(3, 74, 9, 2, '2025-02-23 00:00:00'), -- gno74 creator_mno 11
(4, 75, 10, 2, '2025-01-01 00:00:00'),-- gno75 creator_mno 1
(5, 91, 5, 2, '2025-03-16 00:00:00'), -- gno91 creator_mno 6
(6, 13, 7, 2, '2025-03-04 00:00:00'), -- gno13 creator_mno 5
(7, 61, 7, 2, '2025-03-29 00:00:00'), -- gno61 creator_mno 9
(8, 21, 6, 2, '2025-01-23 00:00:00'), -- gno21 creator_mno 2
(9, 50, 11, 2, '2025-03-20 00:00:00'),-- gno50 creator_mno 9
(10, 45, 10, 2, '2025-03-04 00:00:00'),-- gno45 creator_mno 4
(11, 27, 9, 2, '2025-01-01 00:00:00'), -- gno27 creator_mno 8
(12, 80, 6, 1, '2025-02-19 00:00:00'), -- gno80 creator_mno 6
(13, 58, 9, 2, '2025-01-02 00:00:00'), -- gno58 creator_mno 6
(14, 59, 5, 2, '2025-04-04 00:00:00'), -- gno59 creator_mno 7
(15, 24, 11, 2, '2025-01-06 00:00:00'),-- gno24 creator_mno 5
(16, 66, 11, 2, '2025-02-07 00:00:00'),-- gno66 creator_mno 3
(17, 55, 11, 2, '2025-04-18 00:00:00'),-- gno55 creator_mno 3
(18, 15, 4, 2, '2025-02-07 00:00:00'), -- gno15 creator_mno 7
(19, 94, 11, 2, '2025-03-04 00:00:00'),-- gno94 creator_mno 9
(20, 33, 4, 2, '2025-02-05 00:00:00'), -- gno33 creator_mno 3
(21, 39, 5, 2, '2025-04-24 00:00:00'), -- gno39 creator_mno 9
(22, 19, 7, 2, '2025-04-22 00:00:00'), -- gno19 creator_mno 11
(23, 79, 6, 2, '2025-01-19 00:00:00'), -- gno79 creator_mno 5
(24, 94, 5, 2, '2025-03-04 00:00:00'), -- gno94 creator_mno 9
(25, 82, 11, 2, '2025-03-29 00:00:00'),-- gno82 creator_mno 8
(26, 100, 10, 2, '2025-03-18 00:00:00'),-- gno100 creator_mno 4
(27, 27, 4, 2, '2025-01-01 00:00:00'), -- gno27 creator_mno 8
(28, 86, 7, 2, '2025-01-24 00:00:00'), -- gno86 creator_mno 1
(29, 87, 10, 2, '2025-05-20 00:00:00'),-- gno87 creator_mno 2
(30, 41, 6, 2, '2025-02-02 00:00:00'), -- gno41 creator_mno 11
(31, 2, 4, 2, '2025-01-19 00:00:00'), -- gno2 creator_mno 5
(32, 48, 11, 2, '2025-01-04 00:00:00'),-- gno48 creator_mno 7
(33, 63, 9, 2, '2025-01-07 00:00:00'), -- gno63 creator_mno 11
(34, 54, 7, 2, '2025-02-26 00:00:00'), -- gno54 creator_mno 2 (중복 데이터지만 일단 입력)
(35, 54, 7, 2, '2025-02-26 00:00:00'), -- gno54 creator_mno 2
(36, 59, 8, 2, '2025-04-04 00:00:00'), -- gno59 creator_mno 7
(37, 45, 8, 2, '2025-03-04 00:00:00'), -- gno45 creator_mno 4
(38, 10, 11, 2, '2025-01-02 00:00:00'),-- gno10 creator_mno 2
(39, 15, 6, 2, '2025-02-07 00:00:00'), -- gno15 creator_mno 7
(40, 79, 9, 2, '2025-01-19 00:00:00'), -- gno79 creator_mno 5
(41, 70, 5, 2, '2025-05-11 00:00:00'), -- gno70 creator_mno 7
(42, 86, 5, 2, '2025-01-24 00:00:00'), -- gno86 creator_mno 1
(43, 20, 10, 2, '2025-04-07 00:00:00'),-- gno20 creator_mno 1
(44, 98, 7, 2, '2025-02-20 00:00:00'), -- gno98 creator_mno 2
(45, 53, 10, 2, '2025-03-29 00:00:00'),-- gno53 creator_mno 1
(46, 79, 11, 2, '2025-01-19 00:00:00'),-- gno79 creator_mno 5
(47, 49, 9, 2, '2025-04-18 00:00:00'), -- gno49 creator_mno 8
(48, 91, 6, 1, '2025-03-16 00:00:00'), -- gno91 creator_mno 6
(49, 37, 9, 2, '2025-02-05 00:00:00'), -- gno37 creator_mno 7
(50, 62, 9, 2, '2025-01-05 00:00:00'), -- gno62 creator_mno 10
(51, 43, 5, 2, '2025-02-12 00:00:00'), -- gno43 creator_mno 2
(52, 76, 7, 2, '2025-04-17 00:00:00'), -- gno76 creator_mno 2
(53, 41, 7, 2, '2025-02-02 00:00:00'), -- gno41 creator_mno 11
(54, 21, 6, 2, '2025-01-23 00:00:00'), -- gno21 creator_mno 2 (중복 데이터)
(55, 79, 11, 2, '2025-01-19 00:00:00'),-- gno79 creator_mno 5
(56, 58, 8, 2, '2025-01-02 00:00:00'), -- gno58 creator_mno 6
(57, 88, 11, 2, '2025-01-30 00:00:00'),-- gno88 creator_mno 3
(58, 9, 4, 2, '2025-02-12 00:00:00'),  -- gno9 creator_mno 1
(59, 60, 11, 2, '2025-03-12 00:00:00'),-- gno60 creator_mno 8
(60, 35, 6, 2, '2025-05-03 00:00:00'), -- gno35 creator_mno 5
(61, 43, 5, 2, '2025-02-12 00:00:00'), -- gno43 creator_mno 2 (중복 데이터)
(62, 88, 5, 2, '2025-01-30 00:00:00'), -- gno88 creator_mno 3
(63, 83, 9, 1, '2025-05-05 00:00:00'), -- gno83 creator_mno 9
(64, 28, 4, 2, '2025-03-23 00:00:00'), -- gno28 creator_mno 9
(65, 30, 11, 1, '2025-05-24 00:00:00'),-- gno30 creator_mno 11
(66, 10, 5, 2, '2025-01-02 00:00:00'), -- gno10 creator_mno 2
(67, 73, 5, 2, '2025-03-04 00:00:00'), -- gno73 creator_mno 10
(68, 55, 7, 2, '2025-04-18 00:00:00'), -- gno55 creator_mno 3
(69, 49, 4, 2, '2025-04-18 00:00:00'), -- gno49 creator_mno 8
(70, 35, 5, 1, '2025-05-03 00:00:00'), -- gno35 creator_mno 5
(71, 93, 6, 2, '2025-05-19 00:00:00'), -- gno93 creator_mno 8
(72, 3, 10, 2, '2025-04-17 00:00:00'), -- gno3 creator_mno 6
(73, 93, 11, 2, '2025-05-19 00:00:00'),-- gno93 creator_mno 8
(74, 15, 6, 2, '2025-02-07 00:00:00'), -- gno15 creator_mno 7
(75, 65, 6, 2, '2025-03-30 00:00:00'), -- gno65 creator_mno 2
(76, 36, 11, 2, '2025-02-27 00:00:00'),-- gno36 creator_mno 6
(77, 37, 4, 2, '2025-02-05 00:00:00'), -- gno37 creator_mno 7
(78, 61, 4, 2, '2025-03-29 00:00:00'), -- gno61 creator_mno 9
(79, 17, 8, 2, '2025-02-06 00:00:00'), -- gno17 creator_mno 9
(80, 36, 6, 1, '2025-02-27 00:00:00'), -- gno36 creator_mno 6
(81, 54, 11, 2, '2025-02-26 00:00:00'),-- gno54 creator_mno 2
(82, 60, 7, 2, '2025-03-12 00:00:00'), -- gno60 creator_mno 8
(83, 82, 7, 2, '2025-03-29 00:00:00'), -- gno82 creator_mno 8
(84, 50, 10, 2, '2025-03-20 00:00:00'),-- gno50 creator_mno 9
(85, 54, 7, 2, '2025-02-26 00:00:00'), -- gno54 creator_mno 2 (중복 데이터)
(86, 46, 10, 2, '2025-04-24 00:00:00'),-- gno46 creator_mno 5
(87, 49, 8, 1, '2025-04-18 00:00:00'), -- gno49 creator_mno 8
(88, 50, 9, 1, '2025-03-20 00:00:00'), -- gno50 creator_mno 9
(89, 88, 4, 2, '2025-01-30 00:00:00'), -- gno88 creator_mno 3
(90, 14, 8, 2, '2025-03-15 00:00:00'), -- gno14 creator_mno 6
(91, 50, 8, 2, '2025-03-20 00:00:00'), -- gno50 creator_mno 9
(92, 3, 9, 2, '2025-04-17 00:00:00'), -- gno3 creator_mno 6
(93, 66, 6, 2, '2025-02-07 00:00:00'), -- gno66 creator_mno 3
(94, 81, 6, 2, '2025-03-22 00:00:00'), -- gno81 creator_mno 7
(95, 74, 6, 2, '2025-02-23 00:00:00'), -- gno74 creator_mno 11
(96, 59, 5, 2, '2025-04-04 00:00:00'), -- gno59 creator_mno 7
(97, 30, 6, 2, '2025-05-24 00:00:00'), -- gno30 creator_mno 11
(98, 63, 4, 2, '2025-01-07 00:00:00'), -- gno63 creator_mno 11
(99, 70, 5, 2, '2025-05-11 00:00:00'), -- gno70 creator_mno 7
(100, 43, 6, 2, '2025-02-12 00:00:00');-- gno43 creator_mno 2

-- attraction_likes 테이블 데이터 (ano 수정, liked_at 추가)
-- liked_at은 임의의 시간으로 설정합니다. (예: '2025-05-27 10:00:00')
INSERT INTO attraction_likes (no, ano, mno, liked_at) VALUES
(1, 56643 + 14, 7, '2025-05-27 10:00:00'),
(2, 56643 + 53, 7, '2025-05-27 10:00:00'),
(3, 56643 + 84, 5, '2025-05-27 10:00:00'),
(4, 56643 + 76, 8, '2025-05-27 10:00:00'),
(5, 56643 + 83, 6, '2025-05-27 10:00:00'),
(6, 56643 + 7, 4, '2025-05-27 10:00:00'),
(7, 56643 + 38, 8, '2025-05-27 10:00:00'),
(8, 56643 + 51, 8, '2025-05-27 10:00:00'),
(9, 56643 + 95, 10, '2025-05-27 10:00:00'),
(10, 56643 + 84, 4, '2025-05-27 10:00:00'),
(11, 56643 + 77, 4, '2025-05-27 10:00:00'),
(12, 56643 + 48, 10, '2025-05-27 10:00:00'),
(13, 56643 + 50, 4, '2025-05-27 10:00:00'),
(14, 56643 + 33, 6, '2025-05-27 10:00:00'),
(15, 56643 + 56, 6, '2025-05-27 10:00:00'),
(16, 56643 + 86, 9, '2025-05-27 10:00:00'),
(17, 56643 + 15, 4, '2025-05-27 10:00:00'),
(18, 56643 + 41, 8, '2025-05-27 10:00:00'),
(19, 56643 + 30, 5, '2025-05-27 10:00:00'),
(20, 56643 + 64, 10, '2025-05-27 10:00:00'),
(21, 56643 + 34, 4, '2025-05-27 10:00:00'),
(22, 56643 + 85, 6, '2025-05-27 10:00:00'),
(23, 56643 + 38, 7, '2025-05-27 10:00:00'),
(24, 56643 + 28, 11, '2025-05-27 10:00:00'),
(25, 56643 + 26, 7, '2025-05-27 10:00:00'),
(26, 56643 + 44, 11, '2025-05-27 10:00:00'),
(27, 56643 + 9, 10, '2025-05-27 10:00:00'),
(28, 56643 + 46, 8, '2025-05-27 10:00:00'),
(29, 56643 + 51, 5, '2025-05-27 10:00:00'),
(30, 56643 + 73, 11, '2025-05-27 10:00:00'),
(31, 56643 + 73, 7, '2025-05-27 10:00:00'),
(32, 56643 + 8, 7, '2025-05-27 10:00:00'),
(33, 56643 + 37, 7, '2025-05-27 10:00:00'),
(34, 56643 + 54, 6, '2025-05-27 10:00:00'),
(35, 56643 + 10, 7, '2025-05-27 10:00:00'),
(36, 56643 + 39, 6, '2025-05-27 10:00:00'),
(37, 56643 + 30, 10, '2025-05-27 10:00:00'),
(38, 56643 + 38, 10, '2025-05-27 10:00:00'),
(39, 56643 + 91, 11, '2025-05-27 10:00:00'),
(40, 56643 + 37, 6, '2025-05-27 10:00:00'),
(41, 56643 + 76, 7, '2025-05-27 10:00:00'),
(42, 56643 + 70, 9, '2025-05-27 10:00:00'),
(43, 56643 + 97, 5, '2025-05-27 10:00:00'),
(44, 56643 + 44, 4, '2025-05-27 10:00:00'),
(45, 56643 + 95, 6, '2025-05-27 10:00:00'),
(46, 56643 + 90, 6, '2025-05-27 10:00:00'),
(47, 56643 + 79, 11, '2025-05-27 10:00:00'),
(48, 56643 + 20, 4, '2025-05-27 10:00:00'),
(49, 56643 + 42, 10, '2025-05-27 10:00:00'),
(50, 56643 + 92, 9, '2025-05-27 10:00:00'),
(51, 56643 + 99, 7, '2025-05-27 10:00:00'),
(52, 56643 + 35, 11, '2025-05-27 10:00:00'),
(53, 56643 + 31, 10, '2025-05-27 10:00:00'),
(54, 56643 + 28, 7, '2025-05-27 10:00:00'),
(55, 56643 + 27, 10, '2025-05-27 10:00:00'),
(56, 56643 + 44, 6, '2025-05-27 10:00:00'),
(57, 56643 + 46, 8, '2025-05-27 10:00:00'),
(58, 56643 + 31, 10, '2025-05-27 10:00:00'),
(59, 56643 + 89, 4, '2025-05-27 10:00:00'),
(60, 56643 + 92, 11, '2025-05-27 10:00:00'),
(61, 56643 + 54, 5, '2025-05-27 10:00:00'),
(62, 56643 + 40, 5, '2025-05-27 10:00:00'),
(63, 56643 + 78, 11, '2025-05-27 10:00:00'),
(64, 56643 + 93, 9, '2025-05-27 10:00:00'),
(65, 56643 + 59, 10, '2025-05-27 10:00:00'),
(66, 56643 + 96, 4, '2025-05-27 10:00:00'),
(67, 56643 + 14, 4, '2025-05-27 10:00:00'),
(68, 56643 + 19, 9, '2025-05-27 10:00:00'),
(69, 56643 + 69, 6, '2025-05-27 10:00:00'),
(70, 56643 + 61, 7, '2025-05-27 10:00:00'),
(71, 56643 + 43, 5, '2025-05-27 10:00:00'),
(72, 56643 + 65, 4, '2025-05-27 10:00:00'),
(73, 56643 + 12, 4, '2025-05-27 10:00:00'),
(74, 56643 + 9, 9, '2025-05-27 10:00:00'),
(75, 56643 + 95, 5, '2025-05-27 10:00:00'),
(76, 56643 + 84, 9, '2025-05-27 10:00:00'),
(77, 56643 + 86, 5, '2025-05-27 10:00:00'),
(78, 56643 + 27, 9, '2025-05-27 10:00:00'),
(79, 56643 + 52, 8, '2025-05-27 10:00:00'),
(80, 56643 + 76, 4, '2025-05-27 10:00:00'),
(81, 56643 + 34, 10, '2025-05-27 10:00:00'),
(82, 56643 + 20, 5, '2025-05-27 10:00:00'),
(83, 56643 + 97, 8, '2025-05-27 10:00:00'),
(84, 56643 + 49, 4, '2025-05-27 10:00:00'),
(85, 56643 + 21, 6, '2025-05-27 10:00:00'),
(86, 56643 + 81, 8, '2025-05-27 10:00:00'),
(87, 56643 + 8, 10, '2025-05-27 10:00:00'),
(88, 56643 + 75, 4, '2025-05-27 10:00:00'),
(89, 56643 + 88, 10, '2025-05-27 10:00:00'),
(90, 56643 + 84, 9, '2025-05-27 10:00:00'),
(91, 56643 + 80, 10, '2025-05-27 10:00:00'),
(92, 56643 + 44, 11, '2025-05-27 10:00:00'),
(93, 56643 + 100, 9, '2025-05-27 10:00:00'),
(94, 56643 + 75, 4, '2025-05-27 10:00:00'),
(95, 56643 + 86, 5, '2025-05-27 10:00:00'),
(96, 56643 + 67, 6, '2025-05-27 10:00:00'),
(97, 56643 + 10, 4, '2025-05-27 10:00:00'),
(98, 56643 + 14, 4, '2025-05-27 10:00:00'),
(99, 56643 + 61, 10, '2025-05-27 10:00:00'),
(100, 56643 + 43, 4, '2025-05-27 10:00:00');

-- tags 테이블 데이터 (새로운 한국어 태그 추가)
INSERT INTO tags (tag_id, name) VALUES
(1, '국내여행'),
(2, '해외여행'),
(3, '맛집탐방'),
(4, '카페투어'),
(5, '자연'),
(6, '힐링'),
(7, '액티비티'),
(8, '문화생활'),
(9, '역사탐방'),
(10, '도시여행'),
(11, '사진명소'),
(12, '커플여행'),
(13, '가족여행'),
(14, '우정여행'),
(15, '혼자여행'),
(16, '캠핑'),
(17, '등산'),
(18, '바다'),
(19, '섬여행'),
(20, '봄꽃'),
(21, '여름휴가'),
(22, '가을단풍'),
(23, '겨울눈꽃'),
(24, '축제'),
(25, '전통시장'),
(26, '야경'),
(27, '일출명소'),
(28, '일몰명소'),
(29, '숨은명소'),
(30, '여행팁');

-- board_tags 테이블 데이터 (boards.bno와 tags.tag_id 매핑)
-- 각 게시글에 1~3개의 태그를 임의로 할당합니다.
INSERT INTO board_tags (bno, tag_id) VALUES
(1, 1), (1, 5), (1, 6),
(2, 1), (2, 14), (2, 10),
(3, 1), (3, 6), (3, 29),
(4, 1), (4, 7), (4, 11),
(5, 1), (5, 15), (5, 9),
(6, 1), (6, 5), (6, 17),
(7, 1), (7, 18), (7, 28),
(8, 1), (8, 13), (8, 3),
(9, 1), (9, 15), (9, 6),
(10, 1), (10, 4), (10, 29),
(11, 30), (11, 1),
(12, 1), (12, 10), (12, 26),
(13, 1), (13, 8), (13, 14),
(14, 1), (14, 29), (14, 5),
(15, 1), (15, 18), (15, 27),
(16, 1), (16, 24),
(17, 1), (17, 12), (17, 18),
(18, 1), (18, 15), (18, 30),
(19, 1), (19, 7), (19, 21),
(20, 1), (20, 6), (20, 17),
(21, 1), (21, 12), (21, 24),
(22, 1), (22, 10), (22, 4),
(23, 1), (23, 13), (23, 5),
(24, 1), (24, 29), (24, 30),
(25, 1), (25, 10), (25, 20),
(26, 1), (26, 22), (26, 5),
(27, 1), (27, 23), (27, 6),
(28, 1), (28, 20), (28, 11),
(29, 1), (29, 21), (29, 30),
(30, 1), (30, 29), (30, 9),
(31, 2), (31, 30),
(32, 1), (32, 11), (32, 3),
(33, 1), (33, 14), (33, 8),
(34, 1), (34, 7), (34, 18),
(35, 1), (35, 6), (35, 29),
(36, 1), (36, 3), (36, 5),
(37, 1), (37, 6), (37, 30),
(38, 1), (38, 10), (38, 12),
(39, 1), (39, 13), (39, 9),
(40, 1), (40, 12), (40, 26),
(41, 1), (41, 14), (41, 7),
(42, 1), (42, 15), (42, 29),
(43, 1), (43, 13), (43, 5),
(44, 1), (44, 13), (44, 3),
(45, 1), (45, 13), (45, 8),
(46, 1), (46, 16), (46, 5),
(47, 1), (47, 17), (47, 27),
(48, 1), (48, 17), (48, 5),
(49, 1), (49, 7), (49, 18),
(50, 1), (50, 26), (50, 27),
(51, 1), (51, 27), (51, 18),
(52, 1), (52, 28), (52, 11),
(53, 1), (53, 26), (53, 10),
(54, 1), (54, 25), (54, 3),
(55, 1), (55, 8), (55, 9),
(56, 1), (56, 7), (56, 10),
(57, 1), (57, 9), (57, 6),
(58, 1), (58, 6), (58, 5),
(59, 1), (59, 19), (59, 18),
(60, 1), (60, 10), (60, 8),
(61, 1), (61, 3), (61, 29),
(62, 1), (62, 24), (62, 13),
(63, 1), (63, 10), (63, 6),
(64, 1), (64, 4), (64, 10),
(65, 1), (65, 8), (65, 9),
(66, 1), (66, 6), (66, 7),
(67, 1), (67, 23), (67, 7),
(68, 1), (68, 7), (68, 12),
(69, 1), (69, 7), (69, 18),
(70, 1), (70, 7), (70, 11),
(71, 1), (71, 7), (71, 18),
(72, 1), (72, 7), (72, 12),
(73, 1), (73, 8), (73, 4),
(74, 1), (74, 8), (74, 3),
(75, 1), (75, 8), (75, 6),
(76, 1), (76, 8), (76, 13),
(77, 1), (77, 8), (77, 13),
(78, 1), (78, 8), (78, 13),
(79, 1), (79, 8), (79, 4),
(80, 1), (80, 8), (80, 4),
(81, 1), (81, 11), (81, 9),
(82, 1), (82, 9), (82, 11),
(83, 1), (83, 8), (83, 10),
(84, 1), (84, 25), (84, 4),
(85, 1), (85, 8), (85, 6),
(86, 1), (86, 26), (86, 11),
(87, 1), (87, 5), (87, 6),
(88, 1), (88, 13), (88, 8),
(89, 1), (89, 27), (89, 11),
(90, 1), (90, 18), (90, 21),
(91, 1), (91, 5), (91, 21),
(92, 1), (92, 7), (92, 21),
(93, 1), (93, 6), (93, 8),
(94, 1), (94, 8), (94, 4),
(95, 1), (95, 8), (95, 4),
(96, 1), (96, 8), (96, 7),
(97, 1), (97, 7), (97, 8),
(98, 1), (98, 7), (98, 17),
(99, 1), (99, 7), (99, 8),
(100, 1), (100, 7), (100, 30);

-- notices 테이블 데이터 (한국어화)
INSERT INTO notices (nno, mno, title, content, created_at, updated_at) VALUES
(1, 1, '키리야 서비스 점검 안내 (06/01 02:00 ~ 04:00)', '안녕하세요, 키리야입니다. 보다 안정적인 서비스 제공을 위해 아래와 같이 시스템 점검을 실시합니다. 점검 시간 동안 서비스 이용이 일시적으로 중단될 수 있으니 양해 부탁드립니다. [점검 일시] 2025년 6월 1일(일) 02:00 ~ 04:00 (2시간) [점검 내용] 서버 안정화 및 기능 개선. 더욱 편리한 서비스로 보답하겠습니다. 감사합니다.', '2025-05-28 00:00:00', '2025-05-28 00:00:00'),
(2, 1, '개인정보처리방침 개정 안내 (시행일: 2025-06-15)', '안녕하세요, 키리야입니다. 개인정보처리방침이 아래와 같이 개정되어 안내드립니다. 변경된 내용은 2025년 6월 15일부터 효력이 발생합니다. [주요 개정 내용] 1. 개인정보 수집 항목 추가 (선택) 2. 개인정보 처리 목적 명확화. 자세한 내용은 공지사항 게시판 또는 개인정보처리방침 페이지를 참고해주시기 바랍니다. 감사합니다.', '2025-05-30 00:00:00', '2025-05-30 00:00:00'),
(3, 2, '키리야 앱 업데이트 안내 (v1.2.0)', '안녕하세요, 키리야입니다. 더욱 편리한 여행 계획을 위해 키리야 앱이 새롭게 업데이트되었습니다! (v1.2.0) [주요 업데이트 내용] 1. 그룹 여행 계획 공유 기능 강화 2. 여행지 추천 알고리즘 개선 3. UI/UX 편의성 향상. 지금 바로 앱 스토어에서 업데이트하고 새로운 기능을 경험해보세요! 감사합니다.', '2025-06-02 00:00:00', '2025-06-02 00:00:00'),
(4, 2, '여름맞이 키리야 여행 사진 공모전 안내', '안녕하세요, 키리야입니다! 시원한 여름, 여러분의 멋진 여행 사진을 자랑해주세요! 키리야에서 여름맞이 여행 사진 공모전을 개최합니다. [참여 기간] 2025년 6월 10일 ~ 7월 10일 [참여 방법] 키리야 게시판에 #여름여행사진 태그와 함께 사진 업로드. 푸짐한 상품이 준비되어 있으니 많은 참여 바랍니다!', '2025-06-05 00:00:00', '2025-06-05 00:00:00'),
(5, 3, '키리야 이용약관 변경 사전 안내', '안녕하세요, 키리야입니다. 키리야 서비스 이용약관이 일부 변경될 예정임을 사전에 안내드립니다. 변경되는 약관은 2025년 7월 1일부터 적용됩니다. [주요 변경 내용] 1. 서비스 제공 범위 확대 2. 분쟁 해결 절차 구체화. 자세한 내용은 공지사항 게시판을 참고해주시기 바랍니다. 감사합니다.', '2025-06-10 00:00:00', '2025-06-10 00:00:00'),
(6, 3, '서버 이전 작업에 따른 서비스 일시 중단 안내', '안녕하세요, 키리야입니다. 보다 쾌적한 서비스 환경 제공을 위해 서버 이전 작업을 진행합니다. 작업 시간 동안 서비스 이용이 일시적으로 중단되오니, 회원 여러분의 너른 양해 부탁드립니다. [작업 일시] 2025년 6월 20일(금) 01:00 ~ 05:00 (4시간) 불편을 드려 죄송합니다.', '2025-06-15 00:00:00', '2025-06-15 00:00:00'),
(7, 1, '키리야 X 한국관광공사 제휴 이벤트 안내', '안녕하세요, 키리야입니다. 한국관광공사와 함께하는 특별한 제휴 이벤트를 준비했습니다! 키리야 앱에서 국내 추천 여행지를 확인하고, 이벤트에 참여하시면 추첨을 통해 숙박권 등 푸짐한 경품을 드립니다. 자세한 내용은 이벤트 페이지를 참고하세요!', '2025-06-18 00:00:00', '2025-06-18 00:00:00'),
(8, 1, '불법 스팸 게시물 근절을 위한 협조 요청', '안녕하세요, 키리야입니다. 최근 커뮤니티 내 불법 스팸 게시물이 증가하고 있어 회원 여러분의 적극적인 협조를 요청드립니다. 불쾌감을 주거나 서비스 이용에 방해가 되는 게시물 발견 시 즉시 신고해주시면 신속하게 처리하겠습니다. 깨끗한 커뮤니티 환경을 위해 함께 노력해주셔서 감사합니다.', '2025-06-22 00:00:00', '2025-06-22 00:00:00'),
(9, 2, '키리야 고객센터 운영 시간 변경 안내', '안녕하세요, 키리야입니다. 회원님들께 보다 나은 서비스를 제공하기 위해 2025년 7월 1일부터 고객센터 운영 시간이 아래와 같이 변경됩니다. [변경 전] 평일 09:00 ~ 18:00 [변경 후] 평일 10:00 ~ 17:00 (점심시간 12:00 ~ 13:00) 이용에 참고해주시기 바랍니다. 감사합니다.', '2025-06-25 00:00:00', '2025-06-25 00:00:00'),
(10, 2, '장마철 안전 여행 수칙 안내', '안녕하세요, 키리야입니다. 본격적인 장마철을 맞아 안전한 여행을 위한 몇 가지 수칙을 안내해 드립니다. 1. 기상 정보 수시 확인 2. 계곡, 하천 등 위험 지역 접근 자제 3. 비상 연락망 숙지. 즐겁고 안전한 여행 되시길 바랍니다. 감사합니다.', '2025-06-28 00:00:00', '2025-06-28 00:00:00'),
(11, 1, '2025년 하계 워크샵으로 인한 고객센터 단축 운영 안내', '안녕하세요, 키리야입니다. 2025년 7월 15일(화) 키리야 팀 하계 워크샵으로 인해 고객센터 운영이 오전(10:00 ~ 12:00)에만 진행됩니다. 문의사항은 1:1 문의 게시판에 남겨주시면 워크샵 이후 순차적으로 답변드리겠습니다. 이용에 불편을 드려 죄송합니다.', '2025-07-01 00:00:00', '2025-07-01 00:00:00'),
(12, 2, '키리야 서비스 만족도 설문조사 참여 안내', '안녕하세요, 키리야입니다. 더 나은 키리야 서비스를 만들기 위해 회원님들의 소중한 의견을 듣고자 합니다. 잠시 시간을 내어 설문조사에 참여해주시면 추첨을 통해 소정의 상품을 드립니다. [설문 기간] 2025년 7월 5일 ~ 7월 19일. 많은 참여 부탁드립니다.', '2025-07-03 00:00:00', '2025-07-03 00:00:00'),
(13, 3, '키리야 커뮤니티 우수 활동 회원 선정 안내 (6월)', '안녕하세요, 키리야입니다. 2025년 6월 키리야 커뮤니티에서 활발하게 활동해주신 우수 회원을 선정하여 안내드립니다. 선정되신 회원님께는 감사의 의미로 소정의 포인트를 지급해드렸습니다. 앞으로도 많은 관심과 참여 부탁드립니다. 감사합니다.', '2025-07-05 00:00:00', '2025-07-05 00:00:00'),
(14, 1, '개인정보 유효기간제 시행 안내', '안녕하세요, 키리야입니다. 정보통신망법에 따라 1년 이상 서비스를 이용하지 않은 회원의 개인정보를 안전하게 분리 보관 또는 파기하는 개인정보 유효기간제를 시행합니다. 자세한 내용은 공지사항을 참고해주시기 바랍니다.', '2025-07-08 00:00:00', '2025-07-08 00:00:00'),
(15, 2, '키리야 모바일 앱 디자인 개편 안내', '안녕하세요, 키리야입니다. 더욱 직관적이고 편리한 서비스 이용을 위해 키리야 모바일 앱 디자인이 새롭게 개편될 예정입니다. (예정일: 2025년 8월 초) 새로운 디자인에 많은 기대 부탁드립니다. 감사합니다.', '2025-07-10 00:00:00', '2025-07-10 00:00:00'),
(16, 3, '여름 휴가철 여행지 추천 이벤트 당첨자 발표', '안녕하세요, 키리야입니다. 지난 [여름 휴가철 여행지 추천 이벤트]에 참여해주신 모든 분들께 감사드립니다. 행운의 당첨자를 발표합니다! 당첨되신 분들께는 개별적으로 연락드릴 예정입니다. 축하드립니다!', '2025-07-12 00:00:00', '2025-07-12 00:00:00'),
(17, 1, '키리야 서비스 안정화를 위한 임시 점검 안내 (07/20)', '안녕하세요, 키리야입니다. 서비스 안정성 강화를 위해 아래와 같이 임시 점검을 실시합니다. 점검 시간 동안 일부 기능 사용에 제한이 있을 수 있습니다. [점검 일시] 2025년 7월 20일(일) 03:00 ~ 03:30 (30분) 이용에 불편을 드려 죄송합니다.', '2025-07-18 00:00:00', '2025-07-18 00:00:00'),
(18, 2, '키리야 제휴 숙소 할인 프로모션 안내', '안녕하세요, 키리야입니다. 무더운 여름, 시원한 휴가를 계획 중이신가요? 키리야가 엄선한 제휴 숙소에서 특별 할인 프로모션을 진행합니다! 지금 바로 키리야 앱에서 확인하고 저렴하게 예약하세요!', '2025-07-22 00:00:00', '2025-07-22 00:00:00'),
(19, 3, '비밀번호 변경 캠페인 안내', '안녕하세요, 키리야입니다. 회원님의 소중한 개인정보 보호를 위해 주기적인 비밀번호 변경을 권장합니다. 안전한 서비스 이용을 위해 지금 바로 비밀번호를 변경해주세요. 감사합니다.', '2025-07-25 00:00:00', '2025-07-25 00:00:00'),
(20, 1, '키리야 포인트 적립 정책 변경 안내', '안녕하세요, 키리야입니다. 2025년 8월 1일부터 키리야 포인트 적립 정책이 일부 변경됩니다. [주요 변경 내용] 게시글 작성 시 포인트 적립률 조정. 자세한 내용은 공지사항을 참고해주시기 바랍니다.', '2025-07-29 00:00:00', '2025-07-29 00:00:00'),
(21, 2, '가을맞이 국내여행 얼리버드 특가 이벤트!', '안녕하세요, 키리야입니다. 선선한 가을, 미리 여행 계획 세우고 특별한 할인 혜택도 받으세요! 키리야에서 가을맞이 국내여행 얼리버드 특가 이벤트를 진행합니다. 한정 수량이니 서둘러 예약하세요!', '2025-08-01 00:00:00', '2025-08-01 00:00:00'),
(22, 3, '키리야 커뮤니티 이용 규칙 안내', '안녕하세요, 키리야입니다. 모든 회원이 즐겁고 안전하게 커뮤니티를 이용할 수 있도록 이용 규칙을 안내드립니다. 비방, 욕설, 광고 등 타인에게 불쾌감을 주는 행위는 제재될 수 있습니다. 깨끗한 커뮤니티 문화를 함께 만들어주세요.', '2025-08-05 00:00:00', '2025-08-05 00:00:00'),
(23, 1, '광복절 연휴 고객센터 휴무 안내', '안녕하세요, 키리야입니다. 2025년 8월 15일(금) 광복절은 고객센터가 휴무입니다. 문의사항은 1:1 문의 게시판을 이용해주시면 업무 복귀 후 신속하게 답변드리겠습니다. 감사합니다.', '2025-08-12 00:00:00', '2025-08-12 00:00:00'),
(24, 2, '키리야 여행 플래너 기능 개선 업데이트 안내', '안녕하세요, 키리야입니다. 더욱 스마트한 여행 계획을 위해 여행 플래너 기능이 개선되었습니다. [주요 개선 사항] 1. 추천 경로 자동 생성 2. 예산 관리 기능 추가. 지금 바로 경험해보세요!', '2025-08-18 00:00:00', '2025-08-18 00:00:00'),
(25, 3, '키리야 공식 SNS 채널 오픈 안내', '안녕하세요, 키리야입니다. 드디어 키리야 공식 SNS 채널(인스타그램, 페이스북)이 오픈되었습니다! 다양한 여행 정보와 이벤트를 만나보실 수 있으니 지금 바로 팔로우하고 소식을 받아보세요!', '2025-08-20 00:00:00', '2025-08-20 00:00:00'),
(26, 1, '추석 연휴 배송 및 고객센터 운영 안내', '안녕하세요, 키리야입니다. 즐거운 추석 연휴 보내시기 바랍니다. 연휴 기간 동안 상품 배송 및 고객센터 운영에 변동이 있으니 이용에 참고해주시기 바랍니다. 자세한 내용은 공지사항을 확인해주세요.', '2025-08-28 00:00:00', '2025-08-28 00:00:00'),
(27, 2, '키리야 여행작가 모집 안내', '안녕하세요, 키리야입니다. 멋진 여행 이야기를 들려주실 키리야 여행작가를 모집합니다! 여행을 사랑하고 글쓰기에 자신 있는 분들의 많은 지원 바랍니다. [모집 기간] 2025년 9월 1일 ~ 9월 15일.', '2025-09-01 00:00:00', '2025-09-01 00:00:00'),
(28, 3, '키리야 커뮤니티 게시판 통합 및 개편 안내', '안녕하세요, 키리야입니다. 보다 효율적인 정보 공유를 위해 일부 커뮤니티 게시판이 통합 및 개편될 예정입니다. (예정일: 2025년 9월 중순) 자세한 내용은 추후 공지드리겠습니다.', '2025-09-05 00:00:00', '2025-09-05 00:00:00'),
(29, 1, '개인정보보호 교육 수료 안내 (관리자)', '키리야는 회원님의 개인정보를 안전하게 보호하기 위해 최선을 다하고 있으며, 관련 법규 준수를 위해 관리자 대상 개인정보보호 교육을 정기적으로 실시하고 있습니다.', '2025-09-10 00:00:00', '2025-09-10 00:00:00'),
(30, 2, '키리야 친구 추천 이벤트 안내', '안녕하세요, 키리야입니다. 키리야를 친구에게 추천하고 함께 포인트 받으세요! 친구가 추천인 코드를 입력하고 가입하면 두 분 모두에게 특별 포인트를 드립니다. 많은 참여 바랍니다!', '2025-09-15 00:00:00', '2025-09-15 00:00:00'),
(31, 3, '단풍여행 추천! 키리야와 함께 떠나요', '안녕하세요, 키리야입니다. 울긋불긋 아름다운 단풍의 계절, 키리야가 추천하는 단풍 명소로 떠나보세요! 앱에서 다양한 단풍여행 상품과 정보를 확인하실 수 있습니다.', '2025-09-20 00:00:00', '2025-09-20 00:00:00'),
(32, 1, '한글날 고객센터 휴무 안내', '안녕하세요, 키리야입니다. 2025년 10월 9일(목) 한글날은 고객센터가 휴무입니다. 서비스 이용에 참고해주시기 바랍니다. 감사합니다.', '2025-10-06 00:00:00', '2025-10-06 00:00:00'),
(33, 2, '키리야 앱 안정성 강화를 위한 업데이트 안내 (v1.3.0)', '안녕하세요, 키리야입니다. 더욱 안정적인 서비스 제공을 위해 키리야 앱이 업데이트되었습니다. (v1.3.0) 최신 버전으로 업데이트하여 쾌적하게 서비스를 이용해보세요. 감사합니다.', '2025-10-10 00:00:00', '2025-10-10 00:00:00'),
(34, 3, '키리야 여행 후기 이벤트! 푸짐한 상품이 와르르', '안녕하세요, 키리야입니다. 키리야와 함께한 즐거운 여행 후기를 남겨주세요! 우수 후기를 선정하여 백화점 상품권 등 푸짐한 상품을 드립니다. [참여 기간] 2025년 10월 15일 ~ 11월 15일.', '2025-10-15 00:00:00', '2025-10-15 00:00:00'),
(35, 1, '악성 댓글 및 허위사실 유포에 대한 강경 대응 안내', '안녕하세요, 키리야입니다. 커뮤니티 내 악성 댓글이나 허위사실 유포로 인해 피해를 입는 사례가 발생하고 있습니다. 키리야는 이러한 행위에 대해 강경하게 대응할 것이며, 법적 조치를 취할 수 있음을 알려드립니다.', '2025-10-20 00:00:00', '2025-10-20 00:00:00'),
(36, 2, '키리야 x 국내 항공사 제휴 특가 프로모션', '안녕하세요, 키리야입니다. 국내 주요 항공사와 제휴하여 특별한 항공권 특가 프로모션을 진행합니다! 지금 바로 키리야 앱에서 놀라운 가격의 항공권을 확인해보세요!', '2025-10-24 00:00:00', '2025-10-24 00:00:00'),
(37, 3, '키리야 서비스 이용 중 불편사항 접수 안내', '안녕하세요, 키리야입니다. 서비스 이용 중 불편한 점이나 개선 의견이 있으시면 언제든지 고객센터 또는 1:1 문의 게시판을 통해 알려주시기 바랍니다. 회원님의 소중한 의견을 적극 반영하여 더 나은 서비스를 만들겠습니다.', '2025-10-28 00:00:00', '2025-10-28 00:00:00'),
(38, 1, '2026년 키리야 달력 증정 이벤트 (선착순)', '안녕하세요, 키리야입니다. 다가오는 2026년을 맞아 키리야에서 특별 제작한 한정판 달력을 드립니다! 키리야 앱 이벤트 페이지에서 신청하시면 선착순으로 발송해드립니다. 많은 관심 부탁드립니다.', '2025-11-01 00:00:00', '2025-11-01 00:00:00'),
(39, 2, '수능 수험생 대상 특별 할인 이벤트 안내', '안녕하세요, 키리야입니다. 2026학년도 대학수학능력시험을 치르신 수험생 여러분 모두 고생하셨습니다! 키리야가 수험생 여러분을 위해 특별 할인 이벤트를 준비했습니다. 수험표를 인증하시면 다양한 여행 상품을 할인된 가격으로 이용하실 수 있습니다.', '2025-11-14 00:00:00', '2025-11-14 00:00:00'),
(40, 3, '겨울여행 특집! 키리야 추천 눈꽃 명소', '안녕하세요, 키리야입니다. 하얀 눈으로 뒤덮인 아름다운 겨울 풍경을 찾고 계신가요? 키리야가 추천하는 전국 눈꽃 명소를 확인하고, 로맨틱한 겨울 여행을 계획해보세요!', '2025-11-20 00:00:00', '2025-11-20 00:00:00'),
(41, 1, '연말정산 관련 키리야 이용 내역 확인 안내', '안녕하세요, 키리야입니다. 2025년 귀속 연말정산 시 키리야 유료 서비스 이용 내역이 필요하신 경우, 마이페이지에서 간편하게 확인 및 출력하실 수 있습니다. 이용에 참고해주시기 바랍니다.', '2025-11-25 00:00:00', '2025-11-25 00:00:00'),
(42, 2, '키리야 크리스마스 이벤트! 산타의 선물이 팡팡!', '안녕하세요, 키리야입니다. 즐거운 크리스마스를 맞아 키리야가 특별한 이벤트를 준비했습니다! 이벤트 참여하고 푸짐한 크리스마스 선물 받아가세요! 자세한 내용은 앱 내 이벤트 페이지를 확인해주세요.', '2025-12-01 00:00:00', '2025-12-01 00:00:00'),
(43, 3, '키리야 커뮤니티 연말결산 및 우수회원 시상 안내', '안녕하세요, 키리야입니다. 2025년 한 해 동안 키리야 커뮤니티를 빛내주신 회원님들께 감사드립니다. 연말을 맞아 우수회원을 선정하여 특별한 시상을 진행할 예정입니다. 많은 기대 바랍니다!', '2025-12-10 00:00:00', '2025-12-10 00:00:00'),
(44, 1, '새해맞이 시스템 점검 안내 (01/01)', '안녕하세요, 키리야입니다. 희망찬 새해를 맞이하여 보다 안정적인 서비스 제공을 위해 시스템 점검을 실시합니다. [점검 일시] 2026년 1월 1일(목) 01:00 ~ 03:00 (2시간) 새해에도 키리야와 함께 즐거운 여행 계획하세요!', '2025-12-26 00:00:00', '2025-12-26 00:00:00'),
(45, 2, '2026년 새해! 키리야와 함께 떠나는 첫 여행 이벤트', '안녕하세요, 키리야입니다. 2026년 새해가 밝았습니다! 새해 첫 여행을 키리야와 함께 계획하고 특별한 할인 혜택도 받아가세요! 자세한 내용은 이벤트 페이지를 참고해주시기 바랍니다. 새해 복 많이 받으세요!', '2026-01-01 00:00:00', '2026-01-01 00:00:00'),
(46, 3, '키리야 서비스 이용 중 자주 묻는 질문(FAQ) 업데이트 안내', '안녕하세요, 키리야입니다. 회원님들의 궁금증을 보다 신속하게 해결해드리기 위해 자주 묻는 질문(FAQ) 페이지가 업데이트되었습니다. 서비스 이용에 참고해주시기 바랍니다.', '2026-01-05 00:00:00', '2026-01-05 00:00:00'),
(47, 1, '설 연휴 고객센터 휴무 및 배송 지연 안내', '안녕하세요, 키리야입니다. 즐거운 설 연휴 보내시기 바랍니다. 설 연휴 기간 동안 고객센터 운영 및 상품 배송에 변동이 있으니 이용에 참고해주시기 바랍니다. 자세한 내용은 공지사항을 확인해주세요.', '2026-01-20 00:00:00', '2026-01-20 00:00:00'),
(48, 2, '키리야와 함께하는 발렌타인데이 로맨틱 여행지 추천', '안녕하세요, 키리야입니다. 사랑하는 연인과 특별한 발렌타인데이를 보내고 싶으신가요? 키리야가 추천하는 로맨틱 여행지를 확인하고, 잊지 못할 추억을 만들어보세요!', '2026-02-05 00:00:00', '2026-02-05 00:00:00'),
(49, 3, '키리야 서비스 개선을 위한 아이디어 공모전', '안녕하세요, 키리야입니다. 키리야 서비스를 더욱 발전시킬 참신한 아이디어를 기다립니다! 서비스 개선 아이디어 공모전에 참여하시고 푸짐한 상품도 받아가세요! [공모 기간] 2026년 2월 10일 ~ 2월 28일.', '2026-02-10 00:00:00', '2026-02-10 00:00:00'),
(50, 1, '삼일절 고객센터 휴무 안내', '안녕하세요, 키리야입니다. 2026년 3월 1일(일) 삼일절은 고객센터가 휴무입니다. 서비스 이용에 참고해주시기 바랍니다. 감사합니다.', '2026-02-26 00:00:00', '2026-02-26 00:00:00'),
(51, 2, '봄맞이 키리야 추천 여행지 BEST 5', '안녕하세요, 키리야입니다. 따스한 봄바람과 함께 떠나기 좋은 여행지를 찾고 계신가요? 키리야가 엄선한 봄맞이 추천 여행지 BEST 5를 확인하고, 설레는 봄 여행을 계획해보세요!', '2026-03-03 00:00:00', '2026-03-03 00:00:00'),
(52, 3, '키리야 앱 푸시 알림 설정 변경 안내', '안녕하세요, 키리야입니다. 키리야 앱의 푸시 알림 설정 기능이 개선되었습니다. 이제 더욱 세분화된 알림 설정을 통해 원하는 정보만 받아보실 수 있습니다. 앱 설정에서 확인해보세요.', '2026-03-10 00:00:00', '2026-03-10 00:00:00'),
(53, 1, '개인정보 도용 피해 예방 안내', '안녕하세요, 키리야입니다. 최근 타 사이트의 개인정보 유출로 인한 2차 피해가 우려되고 있습니다. 키리야 회원님들께서는 주기적인 비밀번호 변경과 OTP 설정 등을 통해 개인정보를 안전하게 관리해주시기 바랍니다.', '2026-03-15 00:00:00', '2026-03-15 00:00:00'),
(54, 2, '키리야 제휴 렌터카 할인 이벤트!', '안녕하세요, 키리야입니다. 즐거운 여행길, 편안한 이동을 위해 키리야가 준비한 렌터카 할인 이벤트를 놓치지 마세요! 지금 바로 앱에서 다양한 차종을 특별 할인가로 만나보세요.', '2026-03-20 00:00:00', '2026-03-20 00:00:00'),
(55, 3, '키리야 서비스 오류 발생 및 정상화 안내', '안녕하세요, 키리야입니다. 금일 오전 발생했던 일부 서비스 접속 오류가 현재 모두 정상화되었습니다. 이용에 불편을 드려 대단히 죄송합니다. 안정적인 서비스 제공을 위해 더욱 노력하겠습니다.', '2026-03-25 00:00:00', '2026-03-25 00:00:00'),
(56, 1, '식목일 기념 나무 심기 캠페인 참여 안내', '안녕하세요, 키리야입니다. 푸른 지구를 만들기 위한 키리야 나무 심기 캠페인에 동참해주세요! 캠페인 참여 인증 시 특별 리워드를 드립니다. 자세한 내용은 이벤트 페이지를 참고하세요.', '2026-04-01 00:00:00', '2026-04-01 00:00:00'),
(57, 2, '키리야 여행 사진 인화 서비스 오픈!', '안녕하세요, 키리야입니다. 소중한 여행의 순간을 간직하세요! 키리야에서 고품질 여행 사진 인화 서비스를 새롭게 선보입니다. 앱에서 간편하게 주문하고 추억을 남겨보세요.', '2026-04-07 00:00:00', '2026-04-07 00:00:00'),
(58, 3, '키리야 커뮤니티 명예의 전당 오픈 예정', '안녕하세요, 키리야입니다. 키리야 커뮤니티 발전에 기여해주신 회원님들을 위한 명예의 전당이 곧 오픈될 예정입니다. 회원님들의 빛나는 활동을 기대합니다!', '2026-04-13 00:00:00', '2026-04-13 00:00:00'),
(59, 1, '근로자의 날 고객센터 휴무 안내', '안녕하세요, 키리야입니다. 2026년 5월 1일(금) 근로자의 날은 고객센터가 휴무입니다. 서비스 이용에 참고해주시기 바랍니다. 감사합니다.', '2026-04-28 00:00:00', '2026-04-28 00:00:00'),
(60, 2, '가정의 달 맞이 키리야 가족여행 지원 이벤트', '안녕하세요, 키리야입니다. 사랑하는 가족과 함께 행복한 추억을 만드세요! 키리야에서 가정의 달을 맞아 가족여행 지원 이벤트를 진행합니다. 사연을 응모하시면 추첨을 통해 여행 경비를 지원해드립니다.', '2026-05-02 00:00:00', '2026-05-02 00:00:00');

-- questions 테이블 데이터 (50개)
INSERT INTO questions (question_no, mno, title, content, created_at, updated_at) VALUES
(1, 4, '제주도 2박 3일 가족여행 코스 추천해주세요!', '안녕하세요, 6월 초에 부모님 모시고 제주도로 2박 3일 여행 가려고 합니다. 부모님이 편하게 다니실 수 있는 동선 위주로 추천 부탁드립니다. 맛집 정보도 함께 알려주시면 감사하겠습니다!', '2025-05-01 10:00:00', '2025-05-01 10:00:00'),
(2, 5, '혼자 떠나는 강릉 당일치기, 대중교통으로 괜찮을까요?', '뚜벅이 혼자 강릉 당일치기 여행 계획 중입니다. KTX 타고 가서 시내버스나 택시로 주요 관광지 (오죽헌, 경포호, 안목해변 등) 이동하려고 하는데, 괜찮을까요? 꿀팁 있으면 공유해주세요!', '2025-05-02 11:30:00', '2025-05-02 11:30:00'),
(3, 6, '부산 해운대 근처 가성비 좋은 숙소 있을까요?', '친구랑 둘이서 다음 주말에 부산 해운대로 놀러 가는데, 예산이 많지 않아서요. 해운대 해수욕장이랑 가깝고 깨끗한 가성비 숙소 아시는 분 추천 부탁드립니다!', '2025-05-03 14:15:00', '2025-05-03 14:15:00'),
(4, 7, '경주 1박 2일 아이와 함께 갈만한 곳 추천해주세요!', '초등학생 아이 둘 데리고 경주 1박 2일 여행 가려고 합니다. 아이들이 좋아할 만한 역사 유적지나 체험 활동 위주로 추천해주시면 감사하겠습니다. 숙소는 보문단지 쪽으로 생각하고 있어요.', '2025-05-04 09:40:00', '2025-05-04 09:40:00'),
(5, 8, '여수 밤바다 제대로 즐기는 방법 알려주세요!', '여자친구랑 여수 여행 계획 중인데, 여수 밤바다를 제대로 즐기고 싶어요! 낭만적인 야경 스팟이나 맛집, 포장마차 거리 등 추천 부탁드립니다.', '2025-05-05 16:00:00', '2025-05-05 16:00:00'),
(6, 9, '전주 한옥마을에서 한복 대여 어디가 좋나요?', '다음 달에 전주 한옥마을 가는데, 예쁜 한복 빌려서 사진 많이 찍고 싶어요. 한복 종류도 많고 가격도 합리적인 대여점 아시는 분 추천해주세요!', '2025-05-06 10:20:00', '2025-05-06 10:20:00'),
(7, 10, '속초 중앙시장 맛집 리스트 공유해주세요!', '속초 여행 가면 중앙시장은 필수 코스잖아요! 닭강정, 아바이순대, 오징어순대 등등 꼭 먹어봐야 할 맛집들 추천 부탁드립니다. 포장 가능한 곳이면 더 좋아요!', '2025-05-07 13:05:00', '2025-05-07 13:05:00'),
(8, 11, '서울 근교 당일치기 드라이브 코스 추천해주세요!', '주말에 여자친구랑 서울 근교로 당일치기 드라이브 다녀오려고 합니다. 경치 좋고 맛집도 있는 코스 추천해주시면 감사하겠습니다. 너무 막히지 않는 곳이면 좋겠어요!', '2025-05-08 15:50:00', '2025-05-08 15:50:00'),
(9, 4, '대구 이월드 자유이용권 할인받는 방법 있나요?', '아이들이랑 대구 이월드 가려고 하는데, 자유이용권 가격이 만만치 않네요. 조금이라도 할인받을 수 있는 꿀팁이나 프로모션 정보 있으면 공유해주세요!', '2025-05-09 09:10:00', '2025-05-09 09:10:00'),
(10, 5, '인천 차이나타운에서 꼭 먹어봐야 할 음식은 뭔가요?', '인천 차이나타운 처음 가보는데, 짜장면 말고도 꼭 먹어봐야 할 특별한 음식이 있을까요? 현지인 맛집이나 숨은 맛집 아시면 추천 부탁드립니다!', '2025-05-10 11:45:00', '2025-05-10 11:45:00'),
(11, 6, '순천만국가정원, 효율적으로 둘러보는 팁 있을까요?', '순천만국가정원이 엄청 넓다고 들었는데, 하루 만에 다 둘러보려면 어떤 동선으로 움직이는 게 좋을까요? 꼭 봐야 할 곳이나 꿀팁 있으면 알려주세요!', '2025-05-11 14:30:00', '2025-05-11 14:30:00'),
(12, 7, '가평 빠지 처음 가는데 준비물 뭐가 필요할까요?', '여름에 친구들이랑 가평으로 빠지 놀러 가기로 했는데, 처음이라 뭘 챙겨가야 할지 모르겠어요. 수영복, 아쿠아슈즈 말고 또 필요한 준비물 있으면 알려주세요!', '2025-05-12 10:05:00', '2025-05-12 10:05:00'),
(13, 8, '단양 패러글라이딩 업체 추천 및 가격 문의드립니다.', '단양에서 패러글라이딩 체험하려고 하는데, 업체가 너무 많아서 어디를 선택해야 할지 모르겠어요. 안전하고 경치 좋은 곳으로 추천 부탁드리고, 대략적인 가격도 궁금합니다!', '2025-05-13 16:25:00', '2025-05-13 16:25:00'),
(14, 9, '안동 하회마을 제대로 즐기는 팁 좀 알려주세요!', '안동 하회마을 방문 예정인데, 그냥 둘러보는 것보다 더 의미 있게 즐길 수 있는 방법이 있을까요? 체험 프로그램이나 주변 볼거리, 맛집 정보 등 공유해주시면 감사하겠습니다.', '2025-05-14 09:55:00', '2025-05-14 09:55:00'),
(15, 10, '통영 루지 체험, 주말에 대기 시간 많이 긴가요?', '주말에 통영 가서 루지 타려고 하는데, 대기 시간이 많이 길다고 들어서 걱정이에요. 실제로 주말에 타보신 분들, 대기 시간 어느 정도 예상해야 할까요? 미리 예약하는 방법도 있나요?', '2025-05-15 12:30:00', '2025-05-15 12:30:00'),
(16, 11, '커플끼리 가기 좋은 국내 온천여행지 추천해주세요!', '쌀쌀한 날씨에 여자친구랑 따뜻한 온천 여행 가고 싶은데, 분위기 좋고 물 좋은 국내 온천 아시는 곳 있으면 추천 부탁드립니다. 프라이빗한 가족탕 있는 곳이면 더 좋아요!', '2025-05-16 15:10:00', '2025-05-16 15:10:00'),
(17, 4, '남이섬 들어가는 배 말고 다른 방법은 없나요?', '남이섬 가려고 하는데, 배 타는 줄이 너무 길다고 해서요. 혹시 짚라인 말고 다른 방법으로 들어갈 수 있는 방법이 있는지 궁금합니다. 아니면 배 대기 줄 덜 서는 팁이라도...', '2025-05-17 10:40:00', '2025-05-17 10:40:00'),
(18, 5, '해외여행 처음인데, 동남아 휴양지 어디가 좋을까요?', '해외여행이 처음이라 어디로 가야 할지 고민입니다. 여자친구랑 둘이서 갈 건데, 물가 저렴하고 바다 예쁜 동남아 휴양지 추천해주세요! (예산은 1인당 100만원 이내)', '2025-05-18 13:20:00', '2025-05-18 13:20:00'),
(19, 6, '일본 도쿄 3박 4일 자유여행, 필수 코스 알려주세요!', '다음 달에 친구랑 도쿄로 3박 4일 자유여행 갑니다! 처음 가는 거라 어디를 가야 할지 감이 안 잡혀요. 여긴 꼭 가봐야 한다! 하는 필수 관광지나 맛집 추천 부탁드립니다.', '2025-05-19 16:05:00', '2025-05-19 16:05:00'),
(20, 7, '유럽 배낭여행 준비 중인데, 유심칩 뭐가 좋을까요?', '한 달 동안 유럽 배낭여행 가는데, 데이터 사용 때문에 유심칩 구매하려고 합니다. 유럽 여러 나라에서 잘 터지고 가격도 합리적인 유심칩 추천해주세요! 사용해보신 분들 후기 환영합니다.', '2025-05-20 09:30:00', '2025-05-20 09:30:00'),
(21, 8, '방콕 카오산로드 근처 안전하고 깨끗한 숙소 추천해주세요.', '방콕 여행 가서 카오산로드에서 놀고 싶은데, 너무 시끄러운 곳은 피하고 싶어요. 카오산로드랑 가깝지만 조용하고 안전하면서 깨끗한 숙소 아시는 분 추천 부탁드립니다!', '2025-05-21 11:55:00', '2025-05-21 11:55:00'),
(22, 9, '대만 타이베이, 지우펀 당일치기 가능할까요?', '타이베이에 숙소 잡고 지우펀 당일치기로 다녀오려고 하는데, 대중교통으로 가능할까요? 시간은 얼마나 걸리고, 어떤 교통편을 이용하는 게 좋을지 알려주시면 감사하겠습니다!', '2025-05-22 14:40:00', '2025-05-22 14:40:00'),
(23, 10, '싱가포르 유니버셜 스튜디오, 익스프레스 티켓 꼭 사야 하나요?', '싱가포르 유니버셜 스튜디오 가는데, 익스프레스 티켓 가격이 꽤 비싸더라고요. 평일 방문 예정인데, 굳이 안 사도 괜찮을까요? 아니면 사는 게 훨씬 나을까요? 경험자분들 조언 부탁드립니다.', '2025-05-23 10:15:00', '2025-05-23 10:15:00'),
(24, 11, '파리 여행 중 소매치기 예방법 공유해주세요!', '파리 여행 앞두고 있는데, 소매치기가 많다는 얘기를 들어서 걱정입니다. 소지품 안전하게 보관하는 방법이나 소매치기 예방 꿀팁 있으면 공유해주세요!', '2025-05-24 16:35:00', '2025-05-24 16:35:00'),
(25, 4, '괌 PIC 리조트, 골드카드 꼭 필요한가요?', '가족여행으로 괌 PIC 가는데, 골드카드가 식사 포함이라 편할 것 같긴 한데 가격이 부담스러워서요. PIC 다녀오신 분들, 골드카드 만족도 어떠셨는지, 꼭 필요한지 궁금합니다!', '2025-05-25 09:00:00', '2025-05-25 09:00:00'),
(26, 5, '코타키나발루 반딧불 투어, 어디가 제일 좋나요?', '코타키나발루 가면 반딧불 투어는 필수라고 하던데, 업체가 너무 많아서 고민이에요. 실제로 다녀오신 분들 중에 만족스러웠던 투어 업체 추천 부탁드립니다!', '2025-05-26 11:20:00', '2025-05-26 11:20:00'),
(27, 6, '베트남 다낭, 호이안 4박 5일 일정 좀 봐주세요!', '엄마랑 둘이서 다낭, 호이안 4박 5일 여행 가는데, 일정을 대충 짜봤어요. 너무 빡빡하거나 비효율적인 부분 없는지 한번 봐주시고 조언해주시면 감사하겠습니다! (일정 내용은 본문에)', '2025-05-27 14:00:00', '2025-05-27 14:00:00'),
(28, 7, '미국 서부 자동차 여행, 렌터카 보험은 어떻게 드는 게 좋을까요?', '미국 서부 2주 동안 자동차 여행 계획 중입니다. 렌터카 예약했는데, 보험 종류가 너무 많아서 헷갈리네요. 어떤 보험을 어떻게 드는 게 가장 안전하고 합리적일까요?', '2025-05-28 10:50:00', '2025-05-28 10:50:00'),
(29, 8, '스위스 인터라켄에서 할만한 액티비티 추천해주세요!', '스위스 인터라켄 가면 패러글라이딩 말고도 할만한 액티비티가 많다고 들었어요. 캐녀닝, 래프팅, 번지점프 등등 경험해보신 분들 추천과 후기 부탁드립니다!', '2025-05-29 16:10:00', '2025-05-29 16:10:00'),
(30, 9, '이탈리아 로마, 바티칸 투어 꼭 해야 할까요?', '로마 여행 가서 바티칸 박물관이랑 성 베드로 성당 가려고 하는데, 혼자 둘러봐도 괜찮을까요? 아니면 투어 신청하는 게 훨씬 나을까요? 투어 없이 다녀오신 분들 어떠셨는지 궁금합니다.', '2025-05-30 09:45:00', '2025-05-30 09:45:00'),
(31, 10, '호주 시드니, 오페라하우스 내부 관람 어떤가요?', '시드니 가면 오페라하우스는 꼭 봐야 한다고 하던데, 겉에서 보는 것 말고 내부 관람 투어도 할 만한가요? 시간과 비용 대비 만족도 궁금합니다!', '2025-06-01 12:00:00', '2025-06-01 12:00:00'),
(32, 11, '캐나다 로키 산맥, 캠핑하기 좋은 곳 추천해주세요!', '여름에 캐나다 로키 산맥으로 캠핑 여행 가려고 합니다. 밴프나 재스퍼 국립공원 근처에 경치 좋고 시설 괜찮은 캠핑장 아시는 분 추천 부탁드립니다! 예약 팁도 알려주시면 좋아요.', '2025-06-02 15:30:00', '2025-06-02 15:30:00'),
(33, 4, '아이슬란드 오로라 여행, 언제가 가장 좋은 시기일까요?', '버킷리스트 중 하나인 아이슬란드 오로라 여행을 계획 중입니다! 오로라를 가장 잘 볼 수 있는 시기와 추천하는 지역, 투어 정보 등 공유해주시면 정말 감사하겠습니다.', '2025-06-03 10:00:00', '2025-06-03 10:00:00'),
(34, 5, '뉴욕 7박 8일, 효율적인 여행 동선 좀 짜주세요!', '뉴욕으로 7박 8일 자유여행 갑니다. 가고 싶은 곳은 많은데 어떻게 동선을 짜야 효율적일지 모르겠어요. 맨해튼, 브루클린 중심으로 추천 코스나 팁 있으면 알려주세요!', '2025-06-04 11:25:00', '2025-06-04 11:25:00'),
(35, 6, '페루 마추픽추 가는 방법, 어떤 게 가장 편할까요?', '남미 여행 중 페루 마추픽추를 가려고 합니다. 쿠스코에서 아구아스 칼리엔테스까지 기차 말고 다른 방법은 없는지, 고산병 예방 팁은 무엇인지 궁금합니다.', '2025-06-05 14:10:00', '2025-06-05 14:10:00'),
(36, 7, '발리 서핑 초보인데, 꾸따 비치 괜찮을까요?', '발리에서 서핑을 배워보고 싶은 초보입니다. 꾸따 비치가 초보자들이 배우기 좋다고 하던데, 실제로 어떤지 궁금합니다. 서핑 스쿨이나 강습 정보도 알려주시면 감사해요!', '2025-06-06 09:50:00', '2025-06-06 09:50:00'),
(37, 8, '체코 프라하, 까를교 야경 말고 또 추천할 만한 야경 스팟 있나요?', '프라하 하면 까를교 야경이 유명한데, 혹시 다른 곳에서 보는 프라하 야경도 멋진 곳이 있을까요? 현지인들만 아는 숨은 야경 명소 추천 부탁드립니다!', '2025-06-07 16:40:00', '2025-06-07 16:40:00'),
(38, 9, '크로아티아 두브로브니크 성벽 투어, 시간 얼마나 잡아야 할까요?', '두브로브니크 성벽 투어 하려고 하는데, 한 바퀴 다 도는 데 시간이 얼마나 걸릴까요? 중간에 힘들면 내려올 수도 있나요? 경험자분들 조언 부탁드립니다.', '2025-06-08 10:25:00', '2025-06-08 10:25:00'),
(39, 10, '터키 카파도키아 벌룬투어, 가격대는 어느 정도인가요?', '카파도키아에서 벌룬투어 꼭 해보고 싶은데, 업체마다 가격 차이가 좀 있는 것 같아서요. 보통 어느 정도 가격대인지, 예약은 어떻게 하는 게 좋은지 궁금합니다!', '2025-06-09 12:50:00', '2025-06-09 12:50:00'),
(40, 11, '러시아 블라디보스토크, 2박 3일로 충분할까요?', '가까워서 주말 끼고 2박 3일로 블라디보스토크 다녀오려고 하는데, 주요 관광지 둘러보기에 시간이 부족하진 않을까요? 꼭 가봐야 할 곳 위주로 추천 부탁드립니다.', '2025-06-10 15:00:00', '2025-06-10 15:00:00'),
(41, 4, '몽골 고비사막 투어, 준비물 뭐가 필요할까요?', '여름에 몽골 고비사막 투어 가는데, 사막이라 낮밤 기온차가 크다고 들었어요. 옷차림이나 기타 꼭 챙겨야 할 준비물 있으면 자세히 알려주세요!', '2025-06-11 09:15:00', '2025-06-11 09:15:00'),
(42, 5, '인도 바라나시, 갠지스강 일출 보트 투어 어떤가요?', '인도 여행 중 바라나시에 갈 예정인데, 갠지스강에서 일출 보트 투어 하는 게 좋다고 하더라고요. 실제로 경험해보신 분들 어떠셨는지, 예약은 어떻게 해야 하는지 궁금합니다.', '2025-06-12 11:35:00', '2025-06-12 11:35:00'),
(43, 6, '이집트 피라미드, 내부 관람 가능한가요?', '이집트 여행 가서 피라미드 보려고 하는데, 혹시 피라미드 내부에도 들어가 볼 수 있나요? 가능하다면 어떤 피라미드 내부를 볼 수 있는지, 티켓은 어떻게 구매하는지 알려주세요!', '2025-06-13 14:20:00', '2025-06-13 14:20:00'),
(44, 7, '브라질 이과수 폭포, 아르헨티나 쪽이랑 브라질 쪽 어디가 더 멋있나요?', '이과수 폭포를 보러 가는데, 아르헨티나 쪽이랑 브라질 쪽 둘 다 볼 시간이 안 될 것 같아요. 혹시 한 곳만 봐야 한다면 어디가 더 장관이고 만족도가 높을까요?', '2025-06-14 10:05:00', '2025-06-14 10:05:00'),
(45, 8, '멕시코 칸쿤, 올인클루시브 리조트 추천해주세요!', '신혼여행으로 멕시코 칸쿤 가는데, 올인클루시브 리조트 중에서 어디가 가장 좋을까요? 액티비티 다양하고 음식 맛있는 곳으로 추천 부탁드립니다! 예산은 1박에 50만원 정도입니다.', '2025-06-15 16:50:00', '2025-06-15 16:50:00'),
(46, 9, '요르단 페트라, 야간 관람(페트라 바이 나이트) 꼭 봐야 할까요?', '요르단 페트라 유적지 가는데, 낮에 보는 것 말고 밤에 촛불 켜놓고 하는 야간 관람도 있다고 들었어요. 혹시 경험해보신 분들, 페트라 바이 나이트 볼 만한가요? 분위기는 어떤가요?', '2025-06-16 09:35:00', '2025-06-16 09:35:00'),
(47, 10, '모로코 사하라 사막 투어, 1박 2일 vs 2박 3일 어떤 게 나을까요?', '모로코 여행 가서 사하라 사막 투어 하려고 하는데, 1박 2일이랑 2박 3일 프로그램이 있더라고요. 시간 여유는 있는데, 어떤 게 더 만족도가 높을지 고민입니다. 경험자분들 조언 부탁드려요!', '2025-06-17 12:10:00', '2025-06-17 12:10:00'),
(48, 11, '필리핀 보라카이, 화이트비치 말고 다른 예쁜 해변 있나요?', '보라카이 하면 화이트비치가 유명한데, 혹시 좀 더 한적하고 예쁜 다른 해변도 있을까요? 스노클링 하기 좋은 곳이면 더 좋겠습니다! 현지인들만 아는 숨은 스팟도 환영합니다.', '2025-06-18 15:45:00', '2025-06-18 15:45:00'),
(49, 4, '라오스 방비엥, 블루라군 어디가 원조인가요?', '방비엥에 블루라군이 여러 개 있다고 들었는데, 어디가 진짜 원조 블루라군인가요? 아니면 각각 특징이 다른 건가요? 물놀이하기 좋고 사람 너무 많지 않은 곳으로 추천해주세요!', '2025-06-19 10:55:00', '2025-06-19 10:55:00'),
(50, 5, '캄보디아 앙코르와트, 일출 보려면 몇 시에 가야 하나요?', '앙코르와트에서 일출 보는 게 버킷리스트인데, 좋은 자리에서 보려면 몇 시쯤 도착해야 할까요? 툭툭 기사님이랑 미리 시간 약속해야 할 것 같은데, 경험 있으신 분들 알려주세요!', '2025-06-20 13:35:00', '2025-06-20 13:35:00');

-- answers 테이블 데이터 (50개)
-- question_no는 1~50, mno는 질문 작성자가 아닌 다른 회원으로 임의 할당
INSERT INTO answers (answer_no, question_no, mno, content, created_at, updated_at) VALUES
(1, 1, 2, '제주도 동쪽 코스로 섭지코지, 성산일출봉, 우도 추천드려요! 부모님 모시고 가시면 해안도로 드라이브도 좋고, 흑돼지 맛집은 꼭 들러보세요. 성산 근처에 [성산흑돈] 맛있습니다!', '2025-05-01 11:00:00', '2025-05-01 11:00:00'),
(2, 2, 3, '강릉 당일치기 대중교통 충분히 가능합니다! KTX역에서 택시나 버스 이용하시면 되고, 안목해변 카페거리에서 커피 한잔하시는 거 잊지 마세요! 바다 보면서 마시는 커피 최고예요.', '2025-05-02 12:00:00', '2025-05-02 12:00:00'),
(3, 1, '해운대 근처 게스트하우스나 비즈니스 호텔 찾아보시면 가성비 좋은 곳 많아요. [더베이101] 근처에 [호텔포레 해운대] 깨끗하고 괜찮았던 기억이 있네요.', '2025-05-03 15:00:00', '2025-05-03 15:00:00'),
(4, 2, '경주 아이들과 함께라면 불국사, 석굴암은 기본이고 첨성대, 대릉원도 좋아요. 황리단길에서 예쁜 카페나 소품샵 구경하는 것도 재미있고, 저녁엔 동궁과 월지 야경 꼭 보세요!', '2025-05-04 10:30:00', '2025-05-04 10:30:00'),
(5, 3, '여수 밤바다는 돌산공원에서 보는 야경이 정말 멋있어요! 해상 케이블카 타시는 것도 추천하고, 낭만포차 거리에서 해산물에 소주 한잔하시면 크으... 최고입니다!', '2025-05-05 17:00:00', '2025-05-05 17:00:00'),
(6, 4, '전주 한옥마을 [한복남]이나 [이리오너라] 같은 곳 유명하고 한복 종류도 다양해요. 미리 예약하고 가시면 더 편하게 이용하실 수 있을 거예요. 예쁜 사진 많이 찍으세요!', '2025-05-06 11:00:00', '2025-05-06 11:00:00'),
(7, 5, '속초 중앙시장은 만석닭강정이랑 중앙닭강정 둘 다 유명하고, 아바이순대는 [단천식당]이나 [신다신] 같은 곳 많이 가시더라고요. 지하에 회센터도 있어서 싱싱한 회 드시는 것도 좋아요!', '2025-05-07 14:00:00', '2025-05-07 14:00:00'),
(8, 6, '서울 근교 드라이브 코스로 양평 두물머리나 파주 헤이리 예술마을 추천드려요! 두물머리는 새벽 물안개가 정말 멋있고, 헤이리는 아기자기한 카페랑 볼거리가 많아요.', '2025-05-08 16:30:00', '2025-05-08 16:30:00'),
(9, 7, '이월드 자유이용권은 소셜커머스나 카드사 할인 찾아보시면 저렴하게 구매 가능해요! 방문 전에 미리 검색해보시고, 야간개장 할인도 있는지 확인해보세요.', '2025-05-09 10:00:00', '2025-05-09 10:00:00'),
(10, 8, '인천 차이나타운 가면 백짜장이랑 공갈빵, 월병 꼭 드셔보세요! [만다복] 백짜장이 유명하고, 길거리에서 파는 화덕만두도 맛있어요.', '2025-05-10 12:30:00', '2025-05-10 12:30:00'),
(11, 9, '순천만국가정원은 스카이큐브 타고 이동하시면 편하고, 세계정원 구역이랑 한국정원 구역은 꼭 둘러보세요! 시간이 부족하면 서문 쪽 위주로 보시는 것도 방법이에요.', '2025-05-11 15:30:00', '2025-05-11 15:30:00'),
(12, 10, '가평 빠지 가실 때 래쉬가드, 선크림, 방수팩, 갈아입을 옷, 수건, 세면도구는 필수예요! 그리고 모자랑 선글라스도 챙기시면 좋아요. 신나게 노세요!', '2025-05-12 11:00:00', '2025-05-12 11:00:00'),
(13, 11, '단양 패러글라이딩 [스카이패러]나 [단양패러마을] 같은 곳 많이 이용하시더라고요. 가격은 코스나 영상 촬영 유무에 따라 다른데 보통 10만원 초중반대예요. 미리 예약 필수입니다!', '2025-05-13 17:00:00', '2025-05-13 17:00:00'),
(14, 1, '안동 하회마을 가시면 부용대에서 마을 전경 꼭 보시고, 하회별신굿탈놀이 공연 시간 맞춰서 관람하시는 거 추천드려요! 그리고 찜닭이랑 간고등어 맛집도 많으니 꼭 드셔보세요.', '2025-05-14 10:30:00', '2025-05-14 10:30:00'),
(15, 2, '통영 루지 주말에는 오전에 일찍 가시거나 아예 늦은 오후에 가시는 게 대기 시간 줄이는 팁이에요. 온라인으로 미리 티켓 구매하시면 조금 더 저렴하고 편하게 이용 가능합니다!', '2025-05-15 13:00:00', '2025-05-15 13:00:00'),
(16, 3, '국내 온천여행지로는 이천 테르메덴이나 아산 파라다이스 스파 도고 추천드려요! 둘 다 시설 깨끗하고 가족탕 있는 곳도 있어서 커플끼리 가기 좋아요.', '2025-05-16 16:00:00', '2025-05-16 16:00:00'),
(17, 5, '남이섬은 배 말고는 짚라인으로 들어가는 방법이 있긴 한데, 가격이 좀 비싸요. 배 타는 줄은 아침 일찍이나 점심시간 피해서 가시면 그나마 좀 덜 기다리실 수 있어요.', '2025-05-17 11:30:00', '2025-05-17 11:30:00'),
(18, 4, '동남아 휴양지 처음이시면 태국 푸켓이나 필리핀 세부 추천드려요! 물가도 저렴하고 바다도 예쁘고, 다양한 액티비티 즐기기에도 좋아요. 항공권 저렴할 때 잘 찾아보세요!', '2025-05-18 14:00:00', '2025-05-18 14:00:00'),
(19, 7, '도쿄 3박 4일이면 신주쿠, 시부야, 아사쿠사, 오다이바 정도는 꼭 가보세요! 맛집은 스시, 라멘, 돈카츠는 기본이고, 편의점 음식도 퀄리티 좋아요. 디즈니랜드나 지브리 미술관도 시간 되면 추천!', '2025-05-19 17:00:00', '2025-05-19 17:00:00'),
(20, 6, '유럽 유심칩은 [쓰리심]이나 [EE유심] 많이 사용하시더라고요. 데이터 용량이나 사용 기간, 방문 국가에 맞춰서 잘 비교해보고 구매하세요. 한국에서 미리 사 가는 게 편해요.', '2025-05-20 10:30:00', '2025-05-20 10:30:00'),
(21, 9, '방콕 카오산로드 근처에 [람부뜨리 빌리지]나 [누보 시티 호텔] 같은 곳이 비교적 조용하고 깨끗하다고 하더라고요. 아고다나 부킹닷컴에서 후기 잘 찾아보세요!', '2025-05-21 12:30:00', '2025-05-21 12:30:00'),
(22, 8, '타이베이에서 지우펀 당일치기 충분히 가능합니다! MRT랑 버스 조합해서 가시면 되고, 예스진지(예류, 스펀, 진과스, 지우펀) 택시투어도 많이 하세요. 시간은 편도 1시간 반 정도 잡으시면 될 거예요.', '2025-05-22 15:30:00', '2025-05-22 15:30:00'),
(23, 1, '싱가포르 유니버셜 평일 방문이시면 굳이 익스프레스 티켓 안 사셔도 괜찮을 수 있어요. 그래도 인기 어트랙션은 대기가 좀 있을 수 있으니, 오픈 시간에 맞춰 가시거나 비 오는 날 노려보시는 것도 방법!', '2025-05-23 11:00:00', '2025-05-23 11:00:00'),
(24, 2, '파리 소매치기 예방은 크로스백 앞으로 메고, 가방 지퍼 잘 잠그고, 핸드폰 손에 계속 들고 다니지 않는 게 중요해요. 특히 지하철이나 사람 많은 관광지에서 조심하세요!', '2025-05-24 17:30:00', '2025-05-24 17:30:00'),
(25, 3, '괌 PIC 골드카드는 아이들 동반이시면 확실히 편하긴 해요. 식사 걱정 안 해도 되고, 리조트 내에서 거의 모든 게 해결되니까요. 하지만 외부 맛집 투어 계획 있으시면 굳이 안 하셔도 될 것 같아요.', '2025-05-25 10:00:00', '2025-05-25 10:00:00'),
(26, 7, '코타키나발루 반딧불 투어는 [나나문]이나 [KK다이어리] 같은 곳에서 많이 진행해요. 보통 저녁 식사 포함이고, 맹그로브 숲에서 원숭이도 볼 수 있어서 아이들도 좋아하더라고요.', '2025-05-26 12:00:00', '2025-05-26 12:00:00'),
(27, 4, '다낭, 호이안 4박 5일 일정이시면 다낭 2박, 호이안 2박 정도 괜찮을 것 같아요. 바나힐, 미케비치, 호이안 올드타운, 안방비치 등등 잘 조합해보세요! 그랩 이용하시면 이동 편해요.', '2025-05-27 15:00:00', '2025-05-27 15:00:00'),
(28, 5, '미국 렌터카 보험은 자차(CDW/LDW), 대인/대물(LIS/SLI), 자손(PAI/PEC) 정도는 기본으로 드시는 게 좋아요. 렌터카 업체에서 제공하는 풀커버 보험이나, 한국에서 여행자보험 가입 시 렌터카 특약 추가하는 방법도 있어요.', '2025-05-28 11:30:00', '2025-05-28 11:30:00'),
(29, 6, '인터라켄 패러글라이딩 외에 융프라우요흐 올라가시는 거 추천하고, 그린델발트 피르스트에서 펀패키지(플라이어, 글라이더, 마운틴카트, 트로티바이크) 즐기시는 것도 정말 재미있어요!', '2025-05-29 17:00:00', '2025-05-29 17:00:00'),
(30, 11, '로마 바티칸은 워낙 넓고 볼거리가 많아서 투어 신청하시는 게 이해도 쉽고 효율적이에요. 특히 박물관은 설명 없이는 그냥 그림 보고 지나치기 쉬워요. 반일 투어나 전일 투어 알아보세요.', '2025-05-30 10:30:00', '2025-05-30 10:30:00'),
(31, 1, '시드니 오페라하우스 내부 관람 투어 추천합니다! 한국어 투어도 있고, 오페라하우스의 역사나 건축 이야기도 들을 수 있어서 유익해요. 공연까지 보시면 더 좋고요!', '2025-06-01 13:00:00', '2025-06-01 13:00:00'),
(32, 2, '캐나다 로키 캠핑장은 [투잭 레이크 캠핑장]이나 [휘슬러스 캠핑장] 유명해요. 곰 출몰 지역이니 음식물 관리 잘하셔야 하고, 예약은 캐나다 국립공원 홈페이지에서 미리 하셔야 합니다!', '2025-06-02 16:00:00', '2025-06-02 16:00:00'),
(33, 3, '아이슬란드 오로라는 보통 9월부터 4월까지 잘 보이고, 빛 공해가 적은 외곽 지역으로 나가셔야 해요. 레이캬비크 근교나 비크 쪽 많이 가시고, 오로라 헌팅 투어 이용하시면 편해요!', '2025-06-03 11:00:00', '2025-06-03 11:00:00'),
(34, 7, '뉴욕 7박 8일이면 맨해튼 미드타운(타임스퀘어, 엠파이어스테이트), 다운타운(자유의여신상, 월스트리트), 센트럴파크, 박물관(메트로폴리탄, 모마) 등 구역 나눠서 동선 짜시고, 브루클린 브릿지 건너보는 것도 좋아요!', '2025-06-04 12:30:00', '2025-06-04 12:30:00'),
(35, 4, '마추픽추 가실 때 고산병약 미리 챙겨 드시고, 코카차 자주 드시면 도움 돼요. 쿠스코에서 오얀타이탐보까지 택시나 버스 이동 후 기차 타시거나, 잉카 트레킹 도전해보시는 것도 특별한 경험일 거예요!', '2025-06-05 15:00:00', '2025-06-05 15:00:00'),
(36, 5, '발리 꾸따 비치 파도 잔잔해서 서핑 초보자들 배우기 좋아요! 해변에 서핑보드 빌려주고 강습해주는 현지인들 많은데, 흥정 잘하셔야 하고 여러 곳 비교해보세요. [오디세이 서프 스쿨] 같은 곳도 유명해요.', '2025-06-06 10:30:00', '2025-06-06 10:30:00'),
(37, 6, '프라하 야경은 레트나 공원이나 비셰흐라드 언덕에서 보는 것도 정말 멋있어요! 프라하성 야경도 아름답고요. 까를교는 새벽에 사람 없을 때 가보는 것도 추천합니다.', '2025-06-07 17:30:00', '2025-06-07 17:30:00'),
(38, 1, '두브로브니크 성벽 투어는 천천히 사진 찍으면서 돌면 2시간 정도 걸려요. 중간에 카페도 있고, 힘들면 내려올 수 있는 출구도 몇 군데 있어요. 오전에 가시는 게 덜 덥고 좋아요!', '2025-06-08 11:00:00', '2025-06-08 11:00:00'),
(39, 2, '카파도키아 벌룬투어 가격은 시즌이나 업체마다 다른데 보통 1인당 150~250유로 정도 하는 것 같아요. 숙소 통해서 예약하거나, 한국에서 미리 예약하고 가는 방법도 있어요. 일출 시간에 맞춰서 탑니다!', '2025-06-09 13:30:00', '2025-06-09 13:30:00'),
(40, 3, '블라디보스토크 2박 3일이면 주요 관광지(혁명광장, 개선문, 독수리전망대, 아르바트거리) 충분히 둘러볼 수 있어요! 루스키섬 투어까지 하려면 조금 빠듯할 수도 있고요. 맛집은 킹크랩 꼭 드세요!', '2025-06-10 16:00:00', '2025-06-10 16:00:00'),
(41, 7, '몽골 고비사막 투어 가실 때 침낭, 선크림, 모자, 선글라스, 마스크, 보습용품, 상비약, 보조배터리, 물티슈, 편한 신발 등등 잘 챙기셔야 해요! 옷은 얇은 거 여러 겹 껴입는 게 좋아요.', '2025-06-11 10:00:00', '2025-06-11 10:00:00'),
(42, 6, '바라나시 갠지스강 일출 보트 투어는 정말 특별한 경험이었어요! 해 뜨는 모습도 아름답고, 강가에서 펼쳐지는 현지인들의 삶의 모습도 인상 깊어요. 숙소나 여행사 통해서 쉽게 예약 가능합니다.', '2025-06-12 12:30:00', '2025-06-12 12:30:00'),
(43, 9, '이집트 기자의 대피라미드(쿠푸왕 피라미드) 내부는 관람 가능해요! 다만 입장 인원 제한이 있고 티켓도 따로 구매해야 합니다. 내부가 좁고 가파르니 참고하세요. 다른 작은 피라미드들도 일부 개방하는 곳 있어요.', '2025-06-13 15:00:00', '2025-06-13 15:00:00'),
(44, 8, '이과수 폭포는 아르헨티나 쪽이 폭포를 더 가까이에서 다양하게 볼 수 있어서 좀 더 다이나믹하고, 브라질 쪽은 전체적인 폭포의 웅장한 모습을 한눈에 담기에 좋아요. 시간 되시면 둘 다 보시는 걸 추천!', '2025-06-14 11:00:00', '2025-06-14 11:00:00'),
(45, 1, '칸쿤 올인클루시브 리조트는 [하얏트 지라라]나 [시크릿 더 바인] 같은 곳이 성인 전용이라 조용하고 좋다고 하더라고요. 가족 동반이시면 [하얏트 지바]도 인기 많아요. 후기 꼼꼼히 비교해보세요!', '2025-06-15 17:30:00', '2025-06-15 17:30:00'),
(46, 2, '페트라 바이 나이트는 호불호가 좀 갈리긴 하는데, 저는 개인적으로 정말 좋았어요! 촛불로 밝혀진 시크 길을 따라 걷는 것도 낭만적이고, 알카즈네 앞에서 보는 공연도 특별해요. 낮과는 또 다른 매력이 있습니다.', '2025-06-16 10:30:00', '2025-06-16 10:30:00'),
(47, 3, '사하라 사막 투어는 2박 3일 하시면 좀 더 여유롭게 사막을 즐길 수 있고, 별도 더 많이 볼 수 있다고 하더라고요. 1박 2일은 이동 시간이 길어서 좀 힘들 수 있어요. 체력과 일정 고려해서 선택하세요!', '2025-06-17 13:00:00', '2025-06-17 13:00:00'),
(48, 7, '보라카이 화이트비치 말고 디니위드 비치나 푸카 비치도 예쁘고 좀 더 한적해요. 스노클링은 스테이션 1 근처나 호핑투어 나가시면 포인트 많아요! 현지에서 투어 예약하시는 것도 괜찮습니다.', '2025-06-18 16:30:00', '2025-06-18 16:30:00'),
(49, 6, '방비엥 블루라군은 보통 블루라군1, 2, 3 이렇게 있는데, 블루라군1이 가장 유명하고 사람도 많아요. 좀 더 한적하게 놀고 싶으시면 블루라군3 추천하고, 시크릿라군이라고 불리는 곳도 좋다고 하더라고요.', '2025-06-19 11:30:00', '2025-06-19 11:30:00'),
(50, 9, '앙코르와트 일출 보시려면 정말 일찍 가셔야 해요! 보통 새벽 4시 반에서 5시 사이에는 도착해야 좋은 자리 맡을 수 있다고 하더라고요. 툭툭 기사님께 미리 말씀드려서 시간 약속 잘 잡으세요!', '2025-06-20 14:30:00', '2025-06-20 14:30:00');

-- Foreign key 및 기타 설정 다시 활성화
SET FOREIGN_KEY_CHECKS=1;
SET UNIQUE_CHECKS=1;